"position","const","created","modified","description","Name","Known for","Birth date (month/day/year)",

"26","nm0000031","Sun Mar  9 06:46:49 2014","Sun Mar  9 06:46:49 2014","","Katharine Hepburn","Actress, <a href=""http://www.imdb.com/title/tt0029947/"">Bringing Up Baby</a>","1907-05-12"

"27","nm0000658","Sun Mar  9 06:45:54 2014","Sun Mar  9 06:45:54 2014","","Meryl Streep","Actress, <a href=""http://www.imdb.com/title/tt0458352/"">The Devil Wears Prada</a>","1949-06-22"

"28","nm0000006","Sun Mar  9 06:49:01 2014","Sun Mar  9 06:49:01 2014","","Ingrid Bergman","Actress, <a href=""http://www.imdb.com/title/tt0034583/"">Casablanca</a>","1915-08-29"

"29","nm0000054","Sun Mar  9 07:02:09 2014","Sun Mar  9 07:02:09 2014","","Marilyn Monroe","Soundtrack, <a href=""http://www.imdb.com/title/tt0053291/"">Some Like It Hot</a>","1926-06-01"

"30","nm2225369","Sun Mar  9 06:46:04 2014","Sun Mar  9 06:46:04 2014","","Jennifer Lawrence","Actress, <a href=""http://www.imdb.com/title/tt1392170/"">The Hunger Games</a>","1990-08-15"

"31","nm0000701","Sun Mar  9 06:47:08 2014","Sun Mar  9 06:47:08 2014","","Kate Winslet","Actress, <a href=""http://www.imdb.com/title/tt0120338/"">Titanic</a>","1975-10-05"

"32","nm0000072","Sun Mar  9 06:49:41 2014","Sun Mar  9 06:49:41 2014","","Elizabeth Taylor","Actress, <a href=""http://www.imdb.com/title/tt0049261/"">Giant</a>","1932-02-27"

"33","nm0000949","Sun Mar  9 06:45:46 2014","Sun Mar  9 06:45:46 2014","","Cate Blanchett","Actress, <a href=""http://www.imdb.com/title/tt0421715/"">The Curious Case of Benjamin Button</a>","1969-05-14"

"34","nm0000030","Sun Mar  9 06:49:10 2014","Sun Mar  9 06:49:10 2014","","Audrey Hepburn","Actress, <a href=""http://www.imdb.com/title/tt0054698/"">Breakfast at Tiffany's</a>","1929-05-04"

"35","nm0000545","Sun Mar  9 06:47:22 2014","Sun Mar  9 06:47:22 2014","","Helen Mirren","Actress, <a href=""http://www.imdb.com/title/tt0436697/"">The Queen</a>","1945-07-26"

"36","nm0000012","Sun Mar  9 06:49:56 2014","Sun Mar  9 06:49:56 2014","","Bette Davis","Actress, <a href=""http://www.imdb.com/title/tt0042192/"">All About Eve</a>","1908-04-05"

"37","nm0000173","Sun Mar  9 06:47:15 2014","Sun Mar  9 06:47:15 2014","","Nicole Kidman","Actress, <a href=""http://www.imdb.com/title/tt0203009/"">Moulin Rouge!</a>","1967-06-20"

"38","nm0000113","Sun Mar  9 06:46:12 2014","Sun Mar  9 06:46:12 2014","","Sandra Bullock","Actress, <a href=""http://www.imdb.com/title/tt1454468/"">Gravity</a>","1964-07-26"

"39","nm0000204","Sun Mar  9 06:48:08 2014","Sun Mar  9 06:48:08 2014","","Natalie Portman","Actress, <a href=""http://www.imdb.com/title/tt0434409/"">V for Vendetta</a>","1981-06-09"

"40","nm0000149","Sun Mar  9 06:47:59 2014","Sun Mar  9 06:47:59 2014","","Jodie Foster","Actress, <a href=""http://www.imdb.com/title/tt0102926/"">The Silence of the Lambs</a>","1962-11-19"

"41","nm0001132","Sun Mar  9 06:46:19 2014","Sun Mar  9 06:46:19 2014","","Judi Dench","Actress, <a href=""http://www.imdb.com/title/tt1074638/"">Skyfall</a>","1934-12-09"

"42","nm0010736","Sun Mar  9 06:46:26 2014","Sun Mar  9 06:46:26 2014","","Amy Adams","Actress, <a href=""http://www.imdb.com/title/tt0770828/"">Man of Steel</a>","1974-08-20"

"43","nm0000210","Sun Mar  9 06:47:00 2014","Sun Mar  9 06:47:00 2014","","Julia Roberts","Actress, <a href=""http://www.imdb.com/title/tt0125439/"">Notting Hill</a>","1967-10-28"

"44","nm0000668","Sun Mar  9 06:47:44 2014","Sun Mar  9 06:47:44 2014","","Emma Thompson","Actress, <a href=""http://www.imdb.com/title/tt0114388/"">Sense and Sensibility</a>","1959-04-15"

"45","nm0000473","Sun Mar  9 06:47:51 2014","Sun Mar  9 06:47:51 2014","","Diane Keaton","Actress, <a href=""http://www.imdb.com/title/tt0071562/"">The Godfather: Part II</a>","1946-01-05"

"46","nm0000038","Thu Aug 13 10:24:11 2015","Thu Aug 13 10:24:11 2015","","Grace Kelly","Actress, <a href=""http://www.imdb.com/title/tt0047396/"">Rear Window</a>","1929-11-12"

"47","nm0000511","Sun Mar  9 06:48:23 2014","Sun Mar  9 06:48:23 2014","","Shirley MacLaine","Actress, <a href=""http://www.imdb.com/title/tt0053604/"">The Apartment</a>","1934-04-24"

"48","nm0000702","Sun Mar  9 06:48:40 2014","Sun Mar  9 06:48:40 2014","","Reese Witherspoon","Actress, <a href=""http://www.imdb.com/title/tt0358273/"">Walk the Line</a>","1976-03-22"

"49","nm0000234","Sun Mar  9 06:49:23 2014","Sun Mar  9 06:49:23 2014","","Charlize Theron","Actress, <a href=""http://www.imdb.com/title/tt1392190/"">Mad Max: Fury Road</a>","1975-08-07"

"50","nm0000023","Sun Mar  9 07:01:49 2014","Sun Mar  9 07:01:49 2014","","Judy Garland","Soundtrack, <a href=""http://www.imdb.com/title/tt0032138/"">The Wizard of Oz</a>","1922-06-10"

"76","nm0000046","Sun Mar  9 06:56:40 2014","Sun Mar  9 06:56:40 2014","","Vivien Leigh","Actress, <a href=""http://www.imdb.com/title/tt0031381/"">Gone with the Wind</a>","1913-11-05"

"77","nm0001401","Sun Mar  9 06:56:52 2014","Sun Mar  9 06:56:52 2014","","Angelina Jolie","Actress, <a href=""http://www.imdb.com/title/tt1587310/"">Maleficent</a>","1975-06-04"

"78","nm0004266","Thu Aug 13 10:28:59 2015","Thu Aug 13 10:28:59 2015","","Anne Hathaway","Actress, <a href=""http://www.imdb.com/title/tt1707386/"">Les Misérables</a>","1982-11-12"

"79","nm0001749","Thu Aug 13 10:29:25 2015","Thu Aug 13 10:29:25 2015","","Maggie Smith","Actress, <a href=""http://www.imdb.com/title/tt0064840/"">The Prime of Miss Jean Brodie</a>","1934-12-28"

"80","nm0000014","Sun Mar  9 06:57:02 2014","Sun Mar  9 06:57:02 2014","","Olivia de Havilland","Actress, <a href=""http://www.imdb.com/title/tt0029843/"">The Adventures of Robin Hood</a>","1916-07-01"

"81","nm0001766","Sun Mar  9 06:57:30 2014","Sun Mar  9 06:57:30 2014","","Barbara Stanwyck","Actress, <a href=""http://www.imdb.com/title/tt0036775/"">Double Indemnity</a>","1907-07-16"

"82","nm0000021","Sun Mar  9 06:57:39 2014","Sun Mar  9 06:57:39 2014","","Joan Fontaine","Actress, <a href=""http://www.imdb.com/title/tt0032976/"">Rebecca</a>","1917-10-22"

"83","nm0002093","Sun Mar  9 06:58:00 2014","Sun Mar  9 06:58:00 2014","","Greer Garson","Actress, <a href=""http://www.imdb.com/title/tt0035093/"">Mrs. Miniver</a>","1904-09-29"

"84","nm0001159","Sun Mar  9 06:58:08 2014","Sun Mar  9 06:58:08 2014","","Faye Dunaway","Actress, <a href=""http://www.imdb.com/title/tt0071315/"">Chinatown</a>","1941-01-14"

"85","nm0001333","Sun Mar  9 07:00:23 2014","Sun Mar  9 07:00:23 2014","","Susan Hayward","Actress, <a href=""http://www.imdb.com/title/tt0051758/"">I Want to Live!</a>","1917-06-30"

"86","nm0000995","Sun Mar  9 07:00:36 2014","Sun Mar  9 07:00:36 2014","","Ellen Burstyn","Actress, <a href=""http://www.imdb.com/title/tt0816692/"">Interstellar</a>","1932-12-07"

"87","nm0943837","Sun Mar  9 07:00:46 2014","Sun Mar  9 07:00:46 2014","","Jane Wyman","Actress, <a href=""http://www.imdb.com/title/tt0037884/"">The Lost Weekend</a>","1917-01-05"

"88","nm0000047","Sun Mar  9 07:01:01 2014","Sun Mar  9 07:01:01 2014","","Sophia Loren","Actress, <a href=""http://www.imdb.com/title/tt0054847/"">El Cid</a>","1934-09-20"

"89","nm0001076","Sun Mar  9 07:01:14 2014","Sun Mar  9 07:01:14 2014","","Joan Crawford","Actress, <a href=""http://www.imdb.com/title/tt0037913/"">Mildred Pierce</a>","1905-03-23"

"90","nm0000870","Sun Mar  9 07:01:37 2014","Sun Mar  9 07:01:37 2014","","Kathy Bates","Actress, <a href=""http://www.imdb.com/title/tt0120338/"">Titanic</a>","1948-06-28"

"91","nm0000267","Sun Mar  9 07:01:59 2014","Sun Mar  9 07:01:59 2014","","Julie Andrews","Actress, <a href=""http://www.imdb.com/title/tt0059742/"">The Sound of Music</a>","1935-10-01"

"92","nm0182839","Thu Aug 13 10:30:38 2015","Thu Aug 13 10:30:38 2015","","Marion Cotillard","Actress, <a href=""http://www.imdb.com/title/tt1345836/"">The Dark Knight Rises</a>","1975-09-30"

"93","nm0000039","Sun Mar  9 07:02:21 2014","Sun Mar  9 07:02:21 2014","","Deborah Kerr","Actress, <a href=""http://www.imdb.com/title/tt0049408/"">The King and I</a>","1921-09-30"

"94","nm0000651","Sun Mar  9 07:02:45 2014","Sun Mar  9 07:02:45 2014","","Sissy Spacek","Actress, <a href=""http://www.imdb.com/title/tt0074285/"">Carrie</a>","1949-12-25"

"95","nm0000215","Sun Mar  9 07:02:34 2014","Sun Mar  9 07:02:34 2014","","Susan Sarandon","Actress, <a href=""http://www.imdb.com/title/tt0103074/"">Thelma & Louise</a>","1946-10-04"

"96","nm0707023","Sun Mar  9 07:02:55 2014","Sun Mar  9 07:02:55 2014","","Luise Rainer","Actress, <a href=""http://www.imdb.com/title/tt0027698/"">The Great Ziegfeld</a>","1910-01-12"

"97","nm0000335","Sun Mar  9 07:03:05 2014","Sun Mar  9 07:03:05 2014","","Glenn Close","Actress, <a href=""http://www.imdb.com/title/tt2015381/"">Guardians of the Galaxy</a>","1947-03-19"

"98","nm0000013","Sun Mar  9 07:03:17 2014","Sun Mar  9 07:03:17 2014","","Doris Day","Soundtrack, <a href=""http://www.imdb.com/title/tt0049470/"">The Man Who Knew Too Much</a>","1922-04-03"

"99","nm0000081","Sun Mar  9 07:03:40 2014","Sun Mar  9 07:03:40 2014","","Natalie Wood","Actress, <a href=""http://www.imdb.com/title/tt0055614/"">West Side Story</a>","1938-07-20"

"100","nm0000404","Sun Mar  9 07:03:48 2014","Sun Mar  9 07:03:48 2014","","Jane Fonda","Actress, <a href=""http://www.imdb.com/title/tt0080319/"">Nine to Five</a>","1937-12-21"

"126","nm0001257","Sun Mar  9 07:08:24 2014","Sun Mar  9 07:08:24 2014","","Ava Gardner","Actress, <a href=""http://www.imdb.com/title/tt0038669/"">The Killers</a>","1922-12-24"

"127","nm0428354","Sun Mar  9 07:08:31 2014","Sun Mar  9 07:08:31 2014","","Jennifer Jones","Actress, <a href=""http://www.imdb.com/title/tt0036377/"">The Song of Bernadette</a>","1919-03-02"

"128","nm0000398","Sun Mar  9 07:08:37 2014","Sun Mar  9 07:08:37 2014","","Sally Field","Actress, <a href=""http://www.imdb.com/title/tt0109830/"">Forrest Gump</a>","1946-11-06"

"129","nm0001256","Sun Mar  9 07:08:46 2014","Sun Mar  9 07:08:46 2014","","Greta Garbo","Actress, <a href=""http://www.imdb.com/title/tt0031725/"">Ninotchka</a>","1905-09-18"

"130","nm0000456","Sun Mar  9 07:08:53 2014","Sun Mar  9 07:08:53 2014","","Holly Hunter","Actress, <a href=""http://www.imdb.com/title/tt0317705/"">The Incredibles</a>","1958-03-20"

"131","nm0005476","Sun Mar  9 07:09:00 2014","Sun Mar  9 07:09:00 2014","","Hilary Swank","Actress, <a href=""http://www.imdb.com/title/tt0405159/"">Million Dollar Baby</a>","1974-07-30"

"132","nm0001055","Sun Mar  9 07:09:08 2014","Sun Mar  9 07:09:08 2014","","Claudette Colbert","Actress, <a href=""http://www.imdb.com/title/tt0025316/"">It Happened One Night</a>","1903-09-13"

"133","nm0000178","Sun Mar  9 07:09:16 2014","Sun Mar  9 07:09:16 2014","","Diane Lane","Actress, <a href=""http://www.imdb.com/title/tt0770828/"">Man of Steel</a>","1965-01-22"

"134","nm0001448","Sun Mar  9 07:09:28 2014","Sun Mar  9 07:09:28 2014","","Jessica Lange","Actress, <a href=""http://www.imdb.com/title/tt0319061/"">Big Fish</a>","1949-04-20"

"135","nm0841797","Sun Mar  9 07:09:38 2014","Sun Mar  9 07:09:38 2014","","Gloria Swanson","Actress, <a href=""http://www.imdb.com/title/tt0043014/"">Sunset Blvd.</a>","1899-03-27"

"136","nm0000002","Sun Mar  9 07:09:51 2014","Sun Mar  9 07:09:51 2014","","Lauren Bacall","Actress, <a href=""http://www.imdb.com/title/tt0038355/"">The Big Sleep</a>","1924-09-16"

"137","nm0000531","Sun Mar  9 07:10:05 2014","Sun Mar  9 07:10:05 2014","","Frances McDormand","Actress, <a href=""http://www.imdb.com/title/tt0116282/"">Fargo</a>","1957-06-23"

"138","nm0790454","Sun Mar  9 07:10:19 2014","Sun Mar  9 07:10:19 2014","","Norma Shearer","Actress, <a href=""http://www.imdb.com/title/tt0032143/"">The Women</a>","1902-08-10"

"139","nm0000541","Sun Mar  9 07:10:31 2014","Sun Mar  9 07:10:31 2014","","Bette Midler","Soundtrack, <a href=""http://www.imdb.com/title/tt0094715/"">Beaches</a>","1945-12-01"

"140","nm0001546","Sun Mar  9 07:10:47 2014","Sun Mar  9 07:10:47 2014","","Mary Tyler Moore","Actress, <a href=""http://www.imdb.com/title/tt0081283/"">Ordinary People</a>","1936-12-29"

"141","nm0536167","Sun Mar  9 07:10:57 2014","Sun Mar  9 07:10:57 2014","","Anna Magnani","Actress, <a href=""http://www.imdb.com/title/tt0038890/"">Roma città aperta</a>","1908-03-07"

"142","nm0000932","Sun Mar  9 07:11:06 2014","Sun Mar  9 07:11:06 2014","","Halle Berry","Actress, <a href=""http://www.imdb.com/title/tt0376994/"">X-Men: The Last Stand</a>","1966-08-14"

"143","nm0000232","Sun Mar  9 07:11:18 2014","Sun Mar  9 07:11:18 2014","","Sharon Stone","Actress, <a href=""http://www.imdb.com/title/tt0112641/"">Casino</a>","1958-03-10"

"144","nm0000107","Sun Mar  9 07:11:27 2014","Sun Mar  9 07:11:27 2014","","Kim Basinger","Actress, <a href=""http://www.imdb.com/title/tt0119488/"">L.A. Confidential</a>","1953-12-08"

"145","nm0413559","Sun Mar  9 07:11:45 2014","Sun Mar  9 07:11:45 2014","","Glenda Jackson","Actress, <a href=""http://www.imdb.com/title/tt0067805/"">Sunday Bloody Sunday</a>","1936-05-09"

"146","nm0001656","Sun Mar  9 07:12:00 2014","Sun Mar  9 07:12:00 2014","","Donna Reed","Actress, <a href=""http://www.imdb.com/title/tt0038650/"">It's a Wonderful Life</a>","1921-01-27"

"147","nm0000133","Sun Mar  9 07:13:14 2014","Sun Mar  9 07:13:14 2014","","Geena Davis","Actress, <a href=""http://www.imdb.com/title/tt0094721/"">Beetlejuice</a>","1956-01-21"

"148","nm0000193","Sun Mar  9 07:13:47 2014","Sun Mar  9 07:13:47 2014","","Demi Moore","Actress, <a href=""http://www.imdb.com/title/tt0099653/"">Ghost</a>","1962-11-11"

"149","nm0000201","Sun Mar  9 07:13:57 2014","Sun Mar  9 07:13:57 2014","","Michelle Pfeiffer","Actress, <a href=""http://www.imdb.com/title/tt0086250/"">Scarface</a>","1958-04-29"

"150","nm0591485","Sun Mar  9 07:14:08 2014","Sun Mar  9 07:14:08 2014","","Liza Minnelli","Soundtrack, <a href=""http://www.imdb.com/title/tt0068327/"">Cabaret</a>","1946-03-12"

"176","nm0000106","Sun Mar  9 07:21:45 2014","Sun Mar  9 07:21:45 2014","","Drew Barrymore","Producer, <a href=""http://www.imdb.com/title/tt0246578/"">Donnie Darko</a>","1975-02-22"

"177","nm0000213","Sun Mar  9 07:21:53 2014","Sun Mar  9 07:21:53 2014","","Winona Ryder","Actress, <a href=""http://www.imdb.com/title/tt0099487/"">Edward Scissorhands</a>","1971-10-29"

"178","nm0000678","Sun Mar  9 07:22:06 2014","Sun Mar  9 07:22:06 2014","","Kathleen Turner","Actress, <a href=""http://www.imdb.com/title/tt0159097/"">The Virgin Suicides</a>","1954-06-19"

"179","nm0000235","Sun Mar  9 07:22:13 2014","Sun Mar  9 07:22:13 2014","","Uma Thurman","Actress, <a href=""http://www.imdb.com/title/tt0110912/"">Pulp Fiction</a>","1970-04-29"

"180","nm0567408","Sun Mar  9 07:22:23 2014","Sun Mar  9 07:22:23 2014","","Hattie McDaniel","Actress, <a href=""http://www.imdb.com/title/tt0031381/"">Gone with the Wind</a>","1895-06-10"

"181","nm0000623","Sun Mar  9 07:22:30 2014","Sun Mar  9 07:22:30 2014","","Rene Russo","Actress, <a href=""http://www.imdb.com/title/tt0114069/"">Outbreak</a>","1954-02-17"

"182","nm0000906","Sun Mar  9 07:23:09 2014","Sun Mar  9 07:23:09 2014","","Annette Bening","Actress, <a href=""http://www.imdb.com/title/tt0169547/"">American Beauty</a>","1958-05-29"

"183","nm0000244","Sun Mar  9 07:23:44 2014","Sun Mar  9 07:23:44 2014","","Sigourney Weaver","Actress, <a href=""http://www.imdb.com/title/tt0090605/"">Aliens</a>","1949-10-08"

"184","nm0000659","Sun Mar  9 07:23:19 2014","Sun Mar  9 07:23:19 2014","","Barbra Streisand","Soundtrack, <a href=""http://www.imdb.com/title/tt0075265/"">A Star Is Born</a>","1942-04-24"

"185","nm0000079","Sun Mar  9 07:23:30 2014","Sun Mar  9 07:23:30 2014","","Raquel Welch","Actress, <a href=""http://www.imdb.com/title/tt0072281/"">The Three Musketeers</a>","1940-09-05"

"186","nm0940946","Sun Mar  9 07:24:02 2014","Sun Mar  9 07:24:02 2014","","Joanne Woodward","Actress, <a href=""http://www.imdb.com/title/tt0107818/"">Philadelphia</a>","1930-02-27"

"187","nm0095804","Sun Mar  9 07:24:26 2014","Sun Mar  9 07:24:26 2014","","Shirley Booth","Actress, <a href=""http://www.imdb.com/title/tt0072424/"">The Year Without a Santa Claus</a>","1898-08-30"

"188","nm0564790","Sun Mar  9 07:24:34 2014","Sun Mar  9 07:24:34 2014","","Mercedes McCambridge","Actress, <a href=""http://www.imdb.com/title/tt0070047/"">The Exorcist</a>","1916-03-16"

"189","nm0001378","Sun Mar  9 07:24:45 2014","Sun Mar  9 07:24:45 2014","","Anjelica Huston","Actress, <a href=""http://www.imdb.com/title/tt0265666/"">The Royal Tenenbaums</a>","1951-07-08"

"190","nm0001848","Sun Mar  9 07:24:51 2014","Sun Mar  9 07:24:51 2014","","Dianne Wiest","Actress, <a href=""http://www.imdb.com/title/tt0099487/"">Edward Scissorhands</a>","1948-03-28"

"191","nm0000443","Sun Mar  9 07:24:57 2014","Sun Mar  9 07:24:57 2014","","Goldie Hawn","Actress, <a href=""http://www.imdb.com/title/tt0104070/"">Death Becomes Her</a>","1945-11-21"

"192","nm0001114","Sun Mar  9 07:25:21 2014","Sun Mar  9 07:25:21 2014","","Judy Davis","Actress, <a href=""http://www.imdb.com/title/tt1859650/"">To Rome with Love</a>","1955-04-23"

"193","nm0001012","Sun Mar  9 07:25:28 2014","Sun Mar  9 07:25:28 2014","","Claudia Cardinale","Actress, <a href=""http://www.imdb.com/title/tt0064116/"">C'era una volta il West</a>","1938-04-15"

"194","nm0000569","Sun Mar  9 07:25:42 2014","Sun Mar  9 07:25:42 2014","","Gwyneth Paltrow","Actress, <a href=""http://www.imdb.com/title/tt0114369/"">Se7en</a>","1972-09-27"

"195","nm0000194","Sun Mar  9 07:25:52 2014","Sun Mar  9 07:25:52 2014","","Julianne Moore","Actress, <a href=""http://www.imdb.com/title/tt0118715/"">The Big Lebowski</a>","1960-12-03"

"196","nm0000700","Sun Mar  9 07:26:00 2014","Sun Mar  9 07:26:00 2014","","Debra Winger","Actress, <a href=""http://www.imdb.com/title/tt0086425/"">Terms of Endearment</a>","1955-05-16"

"197","nm0000207","Sun Mar  9 07:26:10 2014","Sun Mar  9 07:26:10 2014","","Christina Ricci","Actress, <a href=""http://www.imdb.com/title/tt0162661/"">Sleepy Hollow</a>","1980-02-12"

"198","nm0000300","Sun Mar  9 07:26:18 2014","Sun Mar  9 07:26:18 2014","","Juliette Binoche","Actress, <a href=""http://www.imdb.com/title/tt0116209/"">The English Patient</a>","1964-03-09"

"199","nm0000435","Sun Mar  9 07:27:17 2014","Sun Mar  9 07:27:17 2014","","Daryl Hannah","Actress, <a href=""http://www.imdb.com/title/tt0266697/"">Kill Bill: Vol. 1</a>","1960-12-03"

"200","nm0000155","Sun Mar  9 07:30:02 2014","Sun Mar  9 07:30:02 2014","","Whoopi Goldberg","Self, <a href=""http://www.imdb.com/title/tt1787660/"">Being Elmo: A Puppeteer's Journey</a>","1955-11-13"

"226","nm0000993","Sun Mar  9 07:39:10 2014","Sun Mar  9 07:39:10 2014","","Carol Burnett","Self, <a href=""http://www.imdb.com/title/tt0302389/"">Carol Burnett: Show Stoppers</a>","1933-04-26"

"227","nm0001788","Sun Mar  9 07:44:00 2014","Sun Mar  9 07:44:00 2014","","Jessica Tandy","Actress, <a href=""http://www.imdb.com/title/tt0097239/"">Driving Miss Daisy</a>","1909-06-07"

"228","nm0000166","Sun Mar  9 07:44:24 2014","Sun Mar  9 07:44:24 2014","","Helen Hunt","Actress, <a href=""http://www.imdb.com/title/tt0119822/"">As Good as It Gets</a>","1963-06-15"

"229","nm0000099","Sun Mar  8 12:09:41 2015","Sun Mar  8 12:09:41 2015","","Patricia Arquette","Actress, <a href=""http://www.imdb.com/title/tt1065073/"">Boyhood</a>","1968-04-08"

"230","nm0000544","Sun Mar  9 07:45:02 2014","Sun Mar  9 07:45:02 2014","","Carmen Miranda","Soundtrack, <a href=""http://www.imdb.com/title/tt0093818/"">Radio Days</a>","1909-02-09"

"231","nm0005028","Sun Mar  9 07:45:11 2014","Sun Mar  9 07:45:11 2014","","Kate Hudson","Actress, <a href=""http://www.imdb.com/title/tt0251127/"">How to Lose a Guy in 10 Days</a>","1979-04-19"

"232","nm0001876","Sun Mar  9 07:45:27 2014","Sun Mar  9 07:45:27 2014","","Catherine Zeta-Jones","Actress, <a href=""http://www.imdb.com/title/tt0299658/"">Chicago</a>","1969-09-25"

"233","nm0000139","Sun Mar  9 07:45:46 2014","Sun Mar  9 07:45:46 2014","","Cameron Diaz","Actress, <a href=""http://www.imdb.com/title/tt0129387/"">There's Something About Mary</a>","1972-08-30"

"234","nm0001666","Sun Mar  9 07:45:54 2014","Sun Mar  9 07:45:54 2014","","Debbie Reynolds","Actress, <a href=""http://www.imdb.com/title/tt0045152/"">Singin' in the Rain</a>","1932-04-01"

"235","nm0000028","Sun Mar  9 07:46:08 2014","Sun Mar  9 07:46:08 2014","","Rita Hayworth","Actress, <a href=""http://www.imdb.com/title/tt0038559/"">Gilda</a>","1918-10-17"

"236","nm0000058","Sun Mar  9 07:46:18 2014","Sun Mar  9 07:46:18 2014","","Maureen O'Hara","Actress, <a href=""http://www.imdb.com/title/tt0039628/"">Miracle on 34th Street</a>","1920-08-17"

"237","nm0001485","Sun Mar  9 07:46:27 2014","Sun Mar  9 07:46:27 2014","","Myrna Loy","Actress, <a href=""http://www.imdb.com/title/tt0036868/"">The Best Years of Our Lives</a>","1905-08-02"

"238","nm0372176","Sun Mar  9 14:58:17 2014","Sun Mar  9 14:58:17 2014","","Lena Headey","Actress, <a href=""http://www.imdb.com/title/tt0416449/"">300</a>","1973-10-03"

"239","nm0001057","Sun Mar  9 15:08:48 2014","Sun Mar  9 15:08:48 2014","","Toni Collette","Actress, <a href=""http://www.imdb.com/title/tt0167404/"">The Sixth Sense</a>","1972-11-01"

"240","nm0001473","Sun Mar  9 15:09:25 2014","Sun Mar  9 15:09:25 2014","","Laura Linney","Actress, <a href=""http://www.imdb.com/title/tt0120382/"">The Truman Show</a>","1964-02-05"

"241","nm0000017","Sun Mar  9 15:08:42 2014","Sun Mar  9 15:08:42 2014","","Marlene Dietrich","Soundtrack, <a href=""http://www.imdb.com/title/tt0051201/"">Witness for the Prosecution</a>","1901-12-27"

"242","nm0001479","Sun Mar  9 15:09:46 2014","Sun Mar  9 15:09:46 2014","","Carole Lombard","Actress, <a href=""http://www.imdb.com/title/tt0035446/"">To Be or Not to Be</a>","1908-10-06"

"243","nm0000795","Sun Mar  9 15:09:54 2014","Sun Mar  9 15:09:54 2014","","Jean Arthur","Actress, <a href=""http://www.imdb.com/title/tt0031679/"">Mr. Smith Goes to Washington</a>","1900-10-17"

"244","nm0001318","Sun Mar  9 15:10:10 2014","Sun Mar  9 15:10:10 2014","","Jean Harlow","Actress, <a href=""http://www.imdb.com/title/tt0022286/"">The Public Enemy</a>","1911-03-03"

"245","nm0001677","Sun Mar  9 15:11:28 2014","Sun Mar  9 15:11:28 2014","","Ginger Rogers","Actress, <a href=""http://www.imdb.com/title/tt0027125/"">Top Hat</a>","1911-07-16"

"246","nm0681933","Sun Mar  9 15:11:47 2014","Sun Mar  9 15:11:47 2014","","Mary Pickford","Actress, <a href=""http://www.imdb.com/title/tt0019788/"">Coquette</a>","1892-04-08"

"247","nm0922213","Sun Mar  9 15:12:37 2014","Sun Mar  9 15:12:37 2014","","Mae West","Soundtrack, <a href=""http://www.imdb.com/title/tt0024166/"">I'm No Angel</a>","1893-08-17"

"248","nm0000096","Sun Mar  9 15:13:20 2014","Sun Mar  9 15:13:20 2014","","Gillian Anderson","Actress, <a href=""http://www.imdb.com/title/tt0120902/"">The X Files</a>","1968-08-09"

"249","nm0914612","Sun Mar  9 15:13:29 2014","Sun Mar  9 15:13:29 2014","","Emma Watson","Actress, <a href=""http://www.imdb.com/title/tt0926084/"">Harry Potter and the Deathly Hallows: Part 1</a>","1990-04-15"

"250","nm0000212","Sun Mar  9 15:13:39 2014","Sun Mar  9 15:13:39 2014","","Meg Ryan","Actress, <a href=""http://www.imdb.com/title/tt0108160/"">Sleepless in Seattle</a>","1961-11-19"

"276","nm1631269","Sun Mar  9 15:43:12 2014","Sun Mar  9 15:43:12 2014","","Chloë Grace Moretz","Actress, <a href=""http://www.imdb.com/title/tt1250777/"">Kick-Ass</a>","1997-02-10"

"277","nm0447695","Sun Mar  9 15:43:19 2014","Sun Mar  9 15:43:19 2014","","Anna Kendrick","Actress, <a href=""http://www.imdb.com/title/tt1981677/"">Pitch Perfect</a>","1985-08-09"

"278","nm0001833","Sun Mar  9 15:46:40 2014","Sun Mar  9 15:46:40 2014","","Emily Watson","Actress, <a href=""http://www.imdb.com/title/tt0121164/"">Corpse Bride</a>","1967-01-14"

"279","nm0000307","Sun Mar  9 15:46:55 2014","Sun Mar  9 15:46:55 2014","","Helena Bonham Carter","Actress, <a href=""http://www.imdb.com/title/tt0137523/"">Fight Club</a>","1966-05-26"

"280","nm0461136","Sun Mar  9 15:47:05 2014","Sun Mar  9 15:47:05 2014","","Keira Knightley","Actress, <a href=""http://www.imdb.com/title/tt2084970/"">The Imitation Game</a>","1985-03-26"

"281","nm0005490","Sun Mar  9 15:47:14 2014","Sun Mar  9 15:47:14 2014","","Alexis Thorpe","Actress, <a href=""http://www.imdb.com/title/tt0756683/"">The Man from Earth</a>","1980-04-19"

"282","nm0203836","Sun Mar  9 15:47:23 2014","Sun Mar  9 15:47:23 2014","","Marion Davies","Actress, <a href=""http://www.imdb.com/title/tt0019379/"">Show People</a>","1897-01-03"

"283","nm0424060","Sun Mar  9 15:47:31 2014","Sun Mar  9 15:47:31 2014","","Scarlett Johansson","Actress, <a href=""http://www.imdb.com/title/tt0335266/"">Lost in Translation</a>","1984-11-22"

"284","nm0266824","Sun Mar  9 15:47:40 2014","Sun Mar  9 15:47:40 2014","","Dakota Fanning","Actress, <a href=""http://www.imdb.com/title/tt0407304/"">War of the Worlds</a>","1994-02-23"

"285","nm0000098","Sun Mar  9 15:47:50 2014","Sun Mar  9 15:47:50 2014","","Jennifer Aniston","Actress, <a href=""http://www.imdb.com/title/tt0583459/"">The One Where Monica Gets a Roommate</a>","1969-02-11"

"286","nm0000124","Sun Mar  9 15:48:00 2014","Sun Mar  9 15:48:00 2014","","Jennifer Connelly","Actress, <a href=""http://www.imdb.com/title/tt0180093/"">Requiem for a Dream</a>","1970-12-12"

"287","nm1046097","Sun Mar  9 15:48:08 2014","Sun Mar  9 15:48:08 2014","","Rachel McAdams","Actress, <a href=""http://www.imdb.com/title/tt1605783/"">Midnight in Paris</a>","1978-11-17"

"288","nm1659547","Sun Mar  9 15:51:00 2014","Sun Mar  9 15:51:00 2014","","Carey Mulligan","Actress, <a href=""http://www.imdb.com/title/tt0780504/"">Drive</a>","1985-05-28"

"289","nm0005109","Sun Mar  9 15:51:10 2014","Sun Mar  9 15:51:10 2014","","Mila Kunis","Actress, <a href=""http://www.imdb.com/title/tt0947798/"">Black Swan</a>","1983-08-14"

"290","nm1086543","Sun Mar  9 15:51:22 2014","Sun Mar  9 15:51:22 2014","","Amanda Seyfried","Actress, <a href=""http://www.imdb.com/title/tt1707386/"">Les Misérables</a>","1985-12-03"

"291","nm0000182","Sun Mar  9 15:51:32 2014","Sun Mar  9 15:51:32 2014","","Jennifer Lopez","Actress, <a href=""http://www.imdb.com/title/tt0120780/"">Out of Sight</a>","1969-07-24"

"292","nm0000117","Sun Mar  9 15:51:45 2014","Sun Mar  9 15:51:45 2014","","Neve Campbell","Actress, <a href=""http://www.imdb.com/title/tt0117571/"">Scream</a>","1973-10-03"

"293","nm0000103","Sun Mar  9 15:51:55 2014","Sun Mar  9 15:51:55 2014","","Fairuza Balk","Actress, <a href=""http://www.imdb.com/title/tt0120586/"">American History X</a>","1974-05-21"

"294","nm0004695","Sun Mar  9 15:52:03 2014","Sun Mar  9 15:52:03 2014","","Jessica Alba","Actress, <a href=""http://www.imdb.com/title/tt0401792/"">Sin City</a>","1981-04-28"

"295","nm0829576","Sun Mar  9 15:52:12 2014","Sun Mar  9 15:52:12 2014","","Kristen Stewart","Actress, <a href=""http://www.imdb.com/title/tt1099212/"">Twilight</a>","1990-04-09"

"296","nm0910278","Sun Mar  9 15:52:24 2014","Sun Mar  9 15:52:24 2014","","Julie Walters","Actress, <a href=""http://www.imdb.com/title/tt1217209/"">Brave</a>","1950-02-22"

"297","nm1913734","Sun Mar  9 15:55:17 2014","Sun Mar  9 15:55:17 2014","","Rooney Mara","Actress, <a href=""http://www.imdb.com/title/tt1285016/"">The Social Network</a>","1985-04-17"

"298","nm0000130","Sun Mar  9 15:55:30 2014","Sun Mar  9 15:55:30 2014","","Jamie Lee Curtis","Actress, <a href=""http://www.imdb.com/title/tt0111503/"">True Lies</a>","1958-11-22"

"299","nm1297015","Sun Mar  9 15:55:37 2014","Sun Mar  9 15:55:37 2014","","Emma Stone","Actress, <a href=""http://www.imdb.com/title/tt1454029/"">The Help</a>","1988-11-06"

"300","nm0000379","Sun Mar  9 15:55:44 2014","Sun Mar  9 15:55:44 2014","","Kirsten Dunst","Actress, <a href=""http://www.imdb.com/title/tt0145487/"">Spider-Man</a>","1982-04-30"

"326","nm0000295","Mon Mar 10 07:37:02 2014","Mon Mar 10 07:37:02 2014","","Kate Beckinsale","Actress, <a href=""http://www.imdb.com/title/tt0320691/"">Underworld</a>","1973-07-26"

"327","nm0221046","Mon Mar 10 08:02:34 2014","Mon Mar 10 08:02:34 2014","","Zooey Deschanel","Actress, <a href=""http://www.imdb.com/title/tt0319343/"">Elf</a>","1980-01-17"

"328","nm0931329","Mon Mar 10 08:02:44 2014","Mon Mar 10 08:02:44 2014","","Michelle Williams","Actress, <a href=""http://www.imdb.com/title/tt1130884/"">Shutter Island</a>","1980-09-09"

"329","nm0000170","Mon Mar 10 08:02:54 2014","Mon Mar 10 08:02:54 2014","","Milla Jovovich","Actress, <a href=""http://www.imdb.com/title/tt0119116/"">The Fifth Element</a>","1975-12-17"

"330","nm1411125","Mon Mar 10 08:03:04 2014","Mon Mar 10 08:03:04 2014","","Selena Gomez","Actress, <a href=""http://www.imdb.com/title/tt0837562/"">Hotel Transylvania</a>","1992-07-22"

"331","nm0001838","Mon Mar 10 08:03:15 2014","Mon Mar 10 08:03:15 2014","","Rachel Weisz","Actress, <a href=""http://www.imdb.com/title/tt0120616/"">The Mummy</a>","1970-03-07"

"333","nm0001337","Mon Mar 10 08:03:34 2014","Mon Mar 10 08:03:34 2014","","Katherine Heigl","Actress, <a href=""http://www.imdb.com/title/tt0478311/"">Knocked Up</a>","1978-11-24"

"334","nm0000239","Mon Mar 10 08:03:45 2014","Mon Mar 10 08:03:45 2014","","Liv Tyler","Actress, <a href=""http://www.imdb.com/title/tt0800080/"">The Incredible Hulk</a>","1977-07-01"

"335","nm1567113","Mon Mar 10 08:07:42 2014","Mon Mar 10 08:07:42 2014","","Jessica Chastain","Actress, <a href=""http://www.imdb.com/title/tt3659388/"">The Martian</a>","1977-03-24"

"336","nm1083271","Mon Mar 10 08:07:48 2014","Mon Mar 10 08:07:48 2014","","Megan Fox","Actress, <a href=""http://www.imdb.com/title/tt0418279/"">Transformers</a>","1986-05-16"

"337","nm0924508","Mon Mar 10 08:08:01 2014","Mon Mar 10 08:08:01 2014","","Betty White","Actress, <a href=""http://www.imdb.com/title/tt0305669/"">Bringing Down the House</a>","1922-01-17"

"338","nm0656183","Mon Mar 10 08:08:11 2014","Mon Mar 10 08:08:11 2014","","Geraldine Page","Actress, <a href=""http://www.imdb.com/title/tt0076618/"">The Rescuers</a>","1924-11-22"

"339","nm0244630","Mon Mar 10 08:08:36 2014","Mon Mar 10 08:08:36 2014","","Eliza Dushku","Actress, <a href=""http://www.imdb.com/title/tt0111503/"">True Lies</a>","1980-12-30"

"340","nm0000705","Mon Mar 10 08:57:54 2014","Mon Mar 10 08:57:54 2014","","Robin Wright","Actress, <a href=""http://www.imdb.com/title/tt0109830/"">Forrest Gump</a>","1966-04-08"

"341","nm1015262","Mon Mar 10 08:58:04 2014","Mon Mar 10 08:58:04 2014","","Leighton Meester","Actress, <a href=""http://www.imdb.com/title/tt1232200/"">That's My Boy</a>","1986-04-09"

"342","nm0205626","Mon Mar 10 08:58:14 2014","Mon Mar 10 08:58:14 2014","","Viola Davis","Actress, <a href=""http://www.imdb.com/title/tt1454029/"">The Help</a>","1965-08-11"

"343","nm0000073","Mon Mar 10 08:58:26 2014","Mon Mar 10 08:58:26 2014","","Shirley Temple","Actress, <a href=""http://www.imdb.com/title/tt0031580/"">The Little Princess</a>","1928-04-23"

"344","nm0000506","Mon Mar 10 08:58:52 2014","Mon Mar 10 08:58:52 2014","","Julia Louis-Dreyfus","Actress, <a href=""http://www.imdb.com/title/tt0120623/"">A Bug's Life</a>","1961-01-13"

"345","nm1880888","Mon Mar 10 08:59:11 2014","Mon Mar 10 08:59:11 2014","","Olivia Thirlby","Actress, <a href=""http://www.imdb.com/title/tt0467406/"">Juno</a>","1986-10-06"

"346","nm0000333","Mon Mar 10 08:59:24 2014","Mon Mar 10 08:59:24 2014","","Cher","Soundtrack, <a href=""http://www.imdb.com/title/tt0089560/"">Mask</a>","1946-05-20"

"347","nm0004851","Mon Mar 10 09:02:47 2014","Mon Mar 10 09:02:47 2014","","Penélope Cruz","Actress, <a href=""http://www.imdb.com/title/tt1298650/"">Pirates of the Caribbean: On Stranger Tides</a>","1974-04-28"

"348","nm0001221","Mon Mar 10 09:02:57 2014","Mon Mar 10 09:02:57 2014","","Louise Fletcher","Actress, <a href=""http://www.imdb.com/title/tt0073486/"">One Flew Over the Cuckoo's Nest</a>","1934-07-22"

"349","nm0001046","Mon Mar 10 09:03:10 2014","Mon Mar 10 09:03:10 2014","","Julie Christie","Actress, <a href=""http://www.imdb.com/title/tt0059113/"">Doctor Zhivago</a>","1941-04-14"

"350","nm0623658","Mon Mar 10 09:03:19 2014","Mon Mar 10 09:03:19 2014","","Patricia Neal","Actress, <a href=""http://www.imdb.com/title/tt0054698/"">Breakfast at Tiffany's</a>","1926-01-20"

"376","nm0000843","Mon Mar 10 09:16:46 2014","Mon Mar 10 09:16:46 2014","","Anne Bancroft","Actress, <a href=""http://www.imdb.com/title/tt0061722/"">The Graduate</a>","1931-09-17"

"377","nm0001571","Mon Mar 10 09:17:01 2014","Mon Mar 10 09:17:01 2014","","Kim Novak","Actress, <a href=""http://www.imdb.com/title/tt0052357/"">Vertigo</a>","1933-02-13"

"378","nm0797531","Mon Mar 10 09:17:24 2014","Mon Mar 10 09:17:24 2014","","Simone Signoret","Actress, <a href=""http://www.imdb.com/title/tt0046911/"">Les diaboliques</a>","1921-03-25"

"379","nm0680983","Mon Mar 10 09:17:36 2014","Mon Mar 10 09:17:36 2014","","Ellen Page","Actress, <a href=""http://www.imdb.com/title/tt1375666/"">Inception</a>","1987-02-21"

"380","nm0536167","Mon Mar 10 09:17:46 2014","Mon Mar 10 09:17:46 2014","","Anna Magnani","Actress, <a href=""http://www.imdb.com/title/tt0038890/"">Roma città aperta</a>","1908-03-07"

"381","nm0391062","Mon Mar 10 09:17:58 2014","Mon Mar 10 09:17:58 2014","","Judy Holliday","Actress, <a href=""http://www.imdb.com/title/tt0042276/"">Born Yesterday</a>","1921-06-21"

"382","nm0949835","Mon Mar 10 09:18:11 2014","Mon Mar 10 09:18:11 2014","","Loretta Young","Actress, <a href=""http://www.imdb.com/title/tt0038991/"">The Stranger</a>","1913-01-06"

"383","nm0429250","Mon Mar 10 09:18:47 2014","Mon Mar 10 09:18:47 2014","","Shirley Jones","Actress, <a href=""http://www.imdb.com/title/tt0456554/"">Grandma's Boy</a>","1934-03-31"

"384","nm0267812","Mon Mar 10 09:26:51 2014","Mon Mar 10 09:26:51 2014","","Vera Farmiga","Actress, <a href=""http://www.imdb.com/title/tt1457767/"">The Conjuring</a>","1973-08-06"

"385","nm0371040","Mon Mar 10 09:29:36 2014","Mon Mar 10 09:29:36 2014","","Helen Hayes","Actress, <a href=""http://www.imdb.com/title/tt0022879/"">A Farewell to Arms</a>","1900-10-10"

"386","nm0237597","Mon Mar 10 09:29:55 2014","Mon Mar 10 09:29:55 2014","","Marie Dressler","Actress, <a href=""http://www.imdb.com/title/tt0023948/"">Dinner at Eight</a>","1868-11-09"

"387","nm0310980","Mon Mar 10 09:30:38 2014","Mon Mar 10 09:30:38 2014","","Janet Gaynor","Actress, <a href=""http://www.imdb.com/title/tt0018455/"">Sunrise: A Song of Two Humans</a>","1906-10-06"

"388","nm2143282","Mon Mar 10 09:30:49 2014","Mon Mar 10 09:30:49 2014","","Lupita Nyong'o","Actress, <a href=""http://www.imdb.com/title/tt2488496/"">Star Wars: The Force Awakens</a>","1983-03-01"

"389","nm0818055","Mon Mar 10 09:31:08 2014","Mon Mar 10 09:31:08 2014","","Octavia Spencer","Actress, <a href=""http://www.imdb.com/title/tt1454029/"">The Help</a>","1970-05-25"

"390","nm0502425","Mon Mar 10 09:31:22 2014","Mon Mar 10 09:31:22 2014","","Melissa Leo","Actress, <a href=""http://www.imdb.com/title/tt0964517/"">The Fighter</a>","1960-09-14"

"391","nm0594898","Mon Mar 10 09:31:36 2014","Mon Mar 10 09:31:36 2014","","Mo'Nique","Actress, <a href=""http://www.imdb.com/title/tt0929632/"">Precious</a>","1967-12-11"

"392","nm0559144","Mon Mar 10 09:33:21 2014","Mon Mar 10 09:33:21 2014","","Marlee Matlin","Actress, <a href=""http://www.imdb.com/title/tt0090830/"">Children of a Lesser God</a>","1965-08-24"

"393","nm0842770","Mon Mar 10 09:33:30 2014","Mon Mar 10 09:33:30 2014","","Tilda Swinton","Actress, <a href=""http://www.imdb.com/title/tt1242460/"">We Need to Talk About Kevin</a>","1960-11-05"

"394","nm1617685","Mon Mar 10 09:33:39 2014","Mon Mar 10 09:33:39 2014","","Jennifer Hudson","Soundtrack, <a href=""http://www.imdb.com/title/tt0443489/"">Dreamgirls</a>","1981-09-12"

"395","nm0000250","Mon Mar 10 09:33:52 2014","Mon Mar 10 09:33:52 2014","","Renée Zellweger","Actress, <a href=""http://www.imdb.com/title/tt0243155/"">Bridget Jones's Diary</a>","1969-04-25"

"396","nm0001315","Mon Mar 10 09:34:02 2014","Mon Mar 10 09:34:02 2014","","Marcia Gay Harden","Actress, <a href=""http://www.imdb.com/title/tt0758758/"">Into the Wild</a>","1959-08-14"

"397","nm0001593","Mon Mar 10 09:34:07 2014","Mon Mar 10 09:34:07 2014","","Anna Paquin","Actress, <a href=""http://www.imdb.com/title/tt0107822/"">The Piano</a>","1982-07-24"

"398","nm0000673","Mon Mar 10 09:34:15 2014","Mon Mar 10 09:34:15 2014","","Marisa Tomei","Actress, <a href=""http://www.imdb.com/title/tt1125849/"">The Wrestler</a>","1964-12-04"

"399","nm0001689","Mon Mar 10 09:34:48 2014","Mon Mar 10 09:34:48 2014","","Mercedes Ruehl","Actress, <a href=""http://www.imdb.com/title/tt0094737/"">Big</a>","1948-02-28"

"400","nm0002084","Mon Mar 10 09:34:58 2014","Mon Mar 10 09:34:58 2014","","Brenda Fricker","Actress, <a href=""http://www.imdb.com/title/tt0097937/"">My Left Foot: The Story of Christy Brown</a>","1945-02-17"

"426","nm0001156","Mon Mar 10 09:46:35 2014","Mon Mar 10 09:46:35 2014","","Olympia Dukakis","Actress, <a href=""http://www.imdb.com/title/tt0097778/"">Look Who's Talking</a>","1931-06-20"

"427","nm0001919","Mon Mar 10 09:49:06 2014","Mon Mar 10 09:49:06 2014","","Peggy Ashcroft","Actress, <a href=""http://www.imdb.com/title/tt0026029/"">The 39 Steps</a>","1907-12-22"

"428","nm0001373","Mon Mar 10 09:49:18 2014","Mon Mar 10 09:49:18 2014","","Linda Hunt","Actress, <a href=""http://www.imdb.com/title/tt0099938/"">Kindergarten Cop</a>","1945-04-02"

"429","nm0822972","Mon Mar 10 09:49:28 2014","Mon Mar 10 09:49:28 2014","","Maureen Stapleton","Actress, <a href=""http://www.imdb.com/title/tt0088933/"">Cocoon</a>","1925-06-21"

"430","nm0005460","Mon Mar 10 09:49:37 2014","Mon Mar 10 09:49:37 2014","","Mary Steenburgen","Actress, <a href=""http://www.imdb.com/title/tt0099088/"">Back to the Future Part III</a>","1953-02-08"

"431","nm0833152","Mon Mar 10 09:49:48 2014","Mon Mar 10 09:49:48 2014","","Beatrice Straight","Actress, <a href=""http://www.imdb.com/title/tt0084516/"">Poltergeist</a>","1914-08-02"

"432","nm0000603","Mon Mar 10 09:49:55 2014","Mon Mar 10 09:49:55 2014","","Vanessa Redgrave","Actress, <a href=""http://www.imdb.com/title/tt0117060/"">Mission: Impossible</a>","1937-01-30"

"433","nm0335519","Mon Mar 10 09:50:03 2014","Mon Mar 10 09:50:03 2014","","Lee Grant","Actress, <a href=""http://www.imdb.com/title/tt0061811/"">In the Heat of the Night</a>","1925-10-31"

"434","nm0373012","Mon Mar 10 09:50:13 2014","Mon Mar 10 09:50:13 2014","","Eileen Heckart","Actress, <a href=""http://www.imdb.com/title/tt0062595/"">One Life to Live</a>","1919-03-29"

"435","nm0001458","Mon Mar 10 09:50:21 2014","Mon Mar 10 09:50:21 2014","","Cloris Leachman","Actress, <a href=""http://www.imdb.com/title/tt0481499/"">The Croods</a>","1926-04-30"

"436","nm0002106","Mon Mar 10 09:50:30 2014","Mon Mar 10 09:50:30 2014","","Ruth Gordon","Actress, <a href=""http://www.imdb.com/title/tt0063522/"">Rosemary's Baby</a>","1896-10-30"

"437","nm0663820","Mon Mar 10 09:50:40 2014","Mon Mar 10 09:50:40 2014","","Estelle Parsons","Actress, <a href=""http://www.imdb.com/title/tt0061418/"">Bonnie and Clyde</a>","1927-11-20"

"438","nm0006800","Mon Mar 10 09:50:50 2014","Mon Mar 10 09:50:50 2014","","Sandy Dennis","Actress, <a href=""http://www.imdb.com/title/tt0061184/"">Who's Afraid of Virginia Woolf?</a>","1937-04-27"

"439","nm0001859","Mon Mar 10 09:50:59 2014","Mon Mar 10 09:50:59 2014","","Shelley Winters","Actress, <a href=""http://www.imdb.com/title/tt0056193/"">Lolita</a>","1922-08-18"

"440","nm0350454","Mon Mar 10 09:53:32 2014","Mon Mar 10 09:53:32 2014","","Maggie Gyllenhaal","Actress, <a href=""http://www.imdb.com/title/tt0468569/"">The Dark Knight</a>","1977-11-16"

"441","nm0005017","Mon Mar 10 09:55:39 2014","Mon Mar 10 09:55:39 2014","","Katie Holmes","Actress, <a href=""http://www.imdb.com/title/tt0372784/"">Batman Begins</a>","1978-12-18"

"442","nm0001157","Mon Mar 10 09:56:04 2014","Mon Mar 10 09:56:04 2014","","Patty Duke","Actress, <a href=""http://www.imdb.com/title/tt0062430/"">Valley of the Dolls</a>","1946-12-14"

"443","nm0001549","Mon Mar 10 09:56:37 2014","Mon Mar 10 09:56:37 2014","","Rita Moreno","Actress, <a href=""http://www.imdb.com/title/tt0055614/"">West Side Story</a>","1931-12-11"

"444","nm0384908","Mon Mar 10 09:56:49 2014","Mon Mar 10 09:56:49 2014","","Wendy Hiller","Actress, <a href=""http://www.imdb.com/title/tt0080678/"">The Elephant Man</a>","1912-08-15"

"445","nm0880855","Mon Mar 10 09:56:58 2014","Mon Mar 10 09:56:58 2014","","Miyoshi Umeki","Actress, <a href=""http://www.imdb.com/title/tt0050933/"">Sayonara</a>","1929-05-08"

"446","nm0540416","Mon Mar 10 09:57:08 2014","Mon Mar 10 09:57:08 2014","","Dorothy Malone","Actress, <a href=""http://www.imdb.com/title/tt0103772/"">Basic Instinct</a>","1925-01-30"

"447","nm0886888","Mon Mar 10 09:57:39 2014","Mon Mar 10 09:57:39 2014","","Jo Van Fleet","Actress, <a href=""http://www.imdb.com/title/tt0061512/"">Cool Hand Luke</a>","1915-12-29"

"448","nm0001693","Mon Mar 10 09:57:50 2014","Mon Mar 10 09:57:50 2014","","Eva Marie Saint","Actress, <a href=""http://www.imdb.com/title/tt0053125/"">North by Northwest</a>","1924-07-04"

"449","nm0002108","Mon Mar 10 09:58:01 2014","Mon Mar 10 09:58:01 2014","","Gloria Grahame","Actress, <a href=""http://www.imdb.com/title/tt0038650/"">It's a Wonderful Life</a>","1923-11-28"

"450","nm0001375","Mon Mar 10 09:58:16 2014","Mon Mar 10 09:58:16 2014","","Kim Hunter","Actress, <a href=""http://www.imdb.com/title/tt0063442/"">Planet of the Apes</a>","1922-11-12"

"476","nm0000301","Mon Mar 10 10:09:53 2014","Mon Mar 10 10:09:53 2014","","Thora Birch","Actress, <a href=""http://www.imdb.com/title/tt0169547/"">American Beauty</a>","1982-03-11"

"477","nm0872456","Mon Mar 10 10:07:12 2014","Mon Mar 10 10:07:12 2014","","Claire Trevor","Actress, <a href=""http://www.imdb.com/title/tt0031971/"">Stagecoach</a>","1910-03-08"

"478","nm0002141","Mon Mar 10 10:10:06 2014","Mon Mar 10 10:10:06 2014","","Celeste Holm","Actress, <a href=""http://www.imdb.com/title/tt0042192/"">All About Eve</a>","1917-04-29"

"479","nm0000879","Mon Mar 10 10:10:18 2014","Mon Mar 10 10:10:18 2014","","Anne Baxter","Actress, <a href=""http://www.imdb.com/title/tt0042192/"">All About Eve</a>","1923-05-07"

"480","nm0001451","Mon Mar 10 10:13:56 2014","Mon Mar 10 10:13:56 2014","","Queen Latifah","Producer, <a href=""http://www.imdb.com/title/tt0305669/"">Bringing Down the House</a>","1970-03-18"

"481","nm0000856","Mon Mar 10 10:14:04 2014","Mon Mar 10 10:14:04 2014","","Ethel Barrymore","Actress, <a href=""http://www.imdb.com/title/tt0040705/"">Portrait of Jennie</a>","1879-08-15"

"482","nm0206257","Mon Mar 10 10:15:17 2014","Mon Mar 10 10:15:17 2014","","Rosario Dawson","Actress, <a href=""http://www.imdb.com/title/tt0401792/"">Sin City</a>","1979-05-09"

"483","nm0942863","Mon Mar 10 10:15:29 2014","Mon Mar 10 10:15:29 2014","","Teresa Wright","Actress, <a href=""http://www.imdb.com/title/tt0036342/"">Shadow of a Doubt</a>","1918-10-27"

"484","nm0000802","Mon Mar 10 10:15:36 2014","Mon Mar 10 10:15:36 2014","","Mary Astor","Actress, <a href=""http://www.imdb.com/title/tt0033870/"">The Maltese Falcon</a>","1906-05-03"

"485","nm0002034","Mon Mar 10 10:23:53 2014","Mon Mar 10 10:23:53 2014","","Jane Darwell","Actress, <a href=""http://www.imdb.com/title/tt0032551/"">The Grapes of Wrath</a>","1879-10-15"

"486","nm0567408","Mon Mar 10 10:24:04 2014","Mon Mar 10 10:24:04 2014","","Hattie McDaniel","Actress, <a href=""http://www.imdb.com/title/tt0031381/"">Gone with the Wind</a>","1895-06-10"

"487","nm1985859","Mon Mar 10 10:44:45 2014","Mon Mar 10 10:44:45 2014","","Mia Wasikowska","Actress, <a href=""http://www.imdb.com/title/tt1014759/"">Alice in Wonderland</a>","1989-10-14"

"488","nm1113550","Mon Mar 10 10:49:01 2014","Mon Mar 10 10:49:01 2014","","Abigail Breslin","Actress, <a href=""http://www.imdb.com/title/tt0449059/"">Little Miss Sunshine</a>","1996-04-14"

"489","nm0814216","Mon Mar 10 10:49:24 2014","Mon Mar 10 10:49:24 2014","","Gale Sondergaard","Actress, <a href=""http://www.imdb.com/title/tt0029146/"">The Life of Emile Zola</a>","1899-02-15"

"490","nm0565250","Mon Mar 10 10:49:12 2014","Mon Mar 10 10:49:12 2014","","Melissa McCarthy","Actress, <a href=""http://www.imdb.com/title/tt3079380/"">Spy</a>","1970-08-26"

"491","nm0275486","Mon Mar 10 10:49:35 2014","Mon Mar 10 10:49:35 2014","","Tina Fey","Writer, <a href=""http://www.imdb.com/title/tt0377092/"">Mean Girls</a>","1970-05-18"

"492","nm0757855","Mon Mar 10 10:49:45 2014","Mon Mar 10 10:49:45 2014","","Zoe Saldana","Actress, <a href=""http://www.imdb.com/title/tt0499549/"">Avatar</a>","1978-06-19"

"493","nm0005253","Mon Mar 10 10:49:54 2014","Mon Mar 10 10:49:54 2014","","Elisabeth Moss","Actress, <a href=""http://www.imdb.com/title/tt0172493/"">Girl, Interrupted</a>"

"494","nm1597316","Mon Mar 10 10:50:06 2014","Mon Mar 10 10:50:06 2014","","Adrianne Palicki","Actress, <a href=""http://www.imdb.com/title/tt2911666/"">John Wick</a>","1983-05-06"

"495","nm0004950","Mon Mar 10 10:50:14 2014","Mon Mar 10 10:50:14 2014","","Jennifer Garner","Actress, <a href=""http://www.imdb.com/title/tt0790636/"">Dallas Buyers Club</a>","1972-04-17"

"496","nm1325419","Mon Mar 10 10:50:22 2014","Mon Mar 10 10:50:22 2014","","Kristen Wiig","Actress, <a href=""http://www.imdb.com/title/tt1478338/"">Bridesmaids</a>","1973-08-22"

"497","nm0820053","Mon Mar 10 10:50:30 2014","Mon Mar 10 10:50:30 2014","","June Squibb","Actress, <a href=""http://www.imdb.com/title/tt1821549/"">Nebraska</a>","1929-11-06"

"498","nm1020089","Mon Mar 10 10:50:39 2014","Mon Mar 10 10:50:39 2014","","Sally Hawkins","Actress, <a href=""http://www.imdb.com/title/tt1045670/"">Happy-Go-Lucky</a>","1976-04-27"

"499","nm0192505","Mon Mar 10 10:50:47 2014","Mon Mar 10 10:50:47 2014","","Kaley Cuoco","Actress, <a href=""http://www.imdb.com/title/tt0884732/"">The Wedding Ringer</a>","1985-11-30"

"500","nm0915208","Mon Mar 10 10:50:56 2014","Mon Mar 10 10:50:56 2014","","Naomi Watts","Actress, <a href=""http://www.imdb.com/title/tt0360717/"">King Kong</a>","1968-09-28"

"526","nm1455681","Mon Mar 10 11:00:31 2014","Mon Mar 10 11:00:31 2014","","AnnaSophia Robb","Actress, <a href=""http://www.imdb.com/title/tt0398808/"">Bridge to Terabithia</a>","1993-12-08"

"527","nm2605345","Mon Mar 10 11:00:43 2014","Mon Mar 10 11:00:43 2014","","Gemma Arterton","Actress, <a href=""http://www.imdb.com/title/tt0473075/"">Prince of Persia: The Sands of Time</a>","1986-02-02"

"528","nm1312575","Mon Mar 10 11:00:51 2014","Mon Mar 10 11:00:51 2014","","Olivia Wilde","Actress, <a href=""http://www.imdb.com/title/tt1979320/"">Rush</a>","1984-03-10"

"529","nm0279545","Mon Mar 10 11:00:57 2014","Mon Mar 10 11:00:57 2014","","Isla Fisher","Actress, <a href=""http://www.imdb.com/title/tt1670345/"">Now You See Me</a>","1976-02-03"

"530","nm0940362","Mon Mar 10 11:01:08 2014","Mon Mar 10 11:01:08 2014","","Shailene Woodley","Actress, <a href=""http://www.imdb.com/title/tt1840309/"">Divergent</a>","1991-11-15"

"531","nm2313103","Mon Mar 10 11:03:18 2014","Mon Mar 10 11:03:18 2014","","Rebel Wilson","Actress, <a href=""http://www.imdb.com/title/tt2848292/"">Pitch Perfect 2</a>","1980-03-02"

"532","nm0731075","Mon Mar 10 11:03:25 2014","Mon Mar 10 11:03:25 2014","","Emma Roberts","Actress, <a href=""http://www.imdb.com/title/tt1723121/"">We're the Millers</a>","1991-02-10"

"533","nm1720028","Mon Mar 10 11:03:30 2014","Mon Mar 10 11:03:30 2014","","Amber Heard","Actress, <a href=""http://www.imdb.com/title/tt1156398/"">Zombieland</a>","1986-04-22"

"534","nm1954240","Mon Mar 10 11:03:56 2014","Mon Mar 10 11:03:56 2014","","Teresa Palmer","Actress, <a href=""http://www.imdb.com/title/tt1588173/"">Warm Bodies</a>","1986-02-26"

"535","nm1519680","Mon Mar 10 11:04:05 2014","Mon Mar 10 11:04:05 2014","","Saoirse Ronan","Actress, <a href=""http://www.imdb.com/title/tt0783233/"">Atonement</a>","1994-04-12"

"536","nm0006969","Mon Mar 10 11:04:14 2014","Mon Mar 10 11:04:14 2014","","Elizabeth Banks","Actress, <a href=""http://www.imdb.com/title/tt1392170/"">The Hunger Games</a>","1974-02-10"

"537","nm0068338","Mon Mar 10 11:04:22 2014","Mon Mar 10 11:04:22 2014","","Kristen Bell","Actress, <a href=""http://www.imdb.com/title/tt0375568/"">Astro Boy</a>","1980-07-18"

"538","nm1754059","Mon Mar 10 11:04:30 2014","Mon Mar 10 11:04:30 2014","","Natalie Dormer","Actress, <a href=""http://www.imdb.com/title/tt1979320/"">Rush</a>","1982-02-11"

"539","nm0811242","Mon Mar 10 11:04:40 2014","Mon Mar 10 11:04:40 2014","","Brittany Snow","Actress, <a href=""http://www.imdb.com/title/tt1981677/"">Pitch Perfect</a>","1986-03-09"

"540","nm0544718","Mon Mar 10 11:04:48 2014","Mon Mar 10 11:04:48 2014","","Kate Mara","Actress, <a href=""http://www.imdb.com/title/tt1542344/"">127 Hours</a>","1983-02-27"

"541","nm2584600","Mon Mar 10 11:04:58 2014","Mon Mar 10 11:04:58 2014","","Julianne Hough","Self, <a href=""http://www.imdb.com/title/tt2659110/"">Julianne Hough/Jillian Michaels/Jackie Collins</a>","1988-07-20"

"542","nm2934314","Mon Mar 10 11:05:06 2014","Mon Mar 10 11:05:06 2014","","Lily Collins","Actress, <a href=""http://www.imdb.com/title/tt1538403/"">The Mortal Instruments: City of Bones</a>","1989-03-18"

"543","nm1130627","Mon Mar 10 11:05:11 2014","Mon Mar 10 11:05:11 2014","","Cobie Smulders","Actress, <a href=""http://www.imdb.com/title/tt0848228/"">The Avengers</a>","1982-04-03"

"544","nm1404408","Mon Mar 10 11:05:20 2014","Mon Mar 10 11:05:20 2014","","Alice Eve","Actress, <a href=""http://www.imdb.com/title/tt1408101/"">Star Trek Into Darkness</a>","1982-02-06"

"545","nm1512166","Mon Mar 10 11:05:29 2014","Mon Mar 10 11:05:29 2014","","Jamie Chung","Actress, <a href=""http://www.imdb.com/title/tt2245084/"">Big Hero 6</a>","1983-04-10"

"546","nm0636426","Mon Mar 10 11:05:38 2014","Mon Mar 10 11:05:38 2014","","Noomi Rapace","Actress, <a href=""http://www.imdb.com/title/tt1446714/"">Prometheus</a>","1979-12-28"

"547","nm0515116","Mon Mar 10 11:05:46 2014","Mon Mar 10 11:05:46 2014","","Blake Lively","Actress, <a href=""http://www.imdb.com/title/tt1260025/"">Summer Kind of Wonderful</a>","1987-08-25"

"548","nm1192254","Mon Mar 10 11:05:55 2014","Mon Mar 10 11:05:55 2014","","Maggie Grace","Actress, <a href=""http://www.imdb.com/title/tt2667918/"">About Alex</a>","1983-09-21"

"549","nm0004754","Mon Mar 10 11:06:03 2014","Mon Mar 10 11:06:03 2014","","Jessica Biel","Actress, <a href=""http://www.imdb.com/title/tt0443543/"">The Illusionist</a>","1982-03-03"

"550","nm1200692","Mon Mar 10 11:06:08 2014","Mon Mar 10 11:06:08 2014","","Eva Green","Actress, <a href=""http://www.imdb.com/title/tt0381061/"">Casino Royale</a>","1980-07-06"

"576","nm0993507","Mon Mar 10 11:14:06 2014","Mon Mar 10 11:14:06 2014","","Kat Dennings","Actress, <a href=""http://www.imdb.com/title/tt0800369/"">Thor</a>","1986-06-13"

"577","nm4832920","Mon Mar 10 11:14:19 2014","Mon Mar 10 11:14:19 2014","","Quvenzhané Wallis","Actress, <a href=""http://www.imdb.com/title/tt2024544/"">12 Years a Slave</a>","2003-08-28"

"578","nm0728938","Mon Mar 10 11:14:28 2014","Mon Mar 10 11:14:28 2014","","Emmanuelle Riva","Actress, <a href=""http://www.imdb.com/title/tt1602620/"">Amour</a>","1927-02-24"

"579","nm1950086","Mon Mar 10 11:14:46 2014","Mon Mar 10 11:14:46 2014","","Greta Gerwig","Actress, <a href=""http://www.imdb.com/title/tt2347569/"">Frances Ha</a>","1983-08-04"

"580","nm0488953","Mon Mar 10 11:14:54 2014","Mon Mar 10 11:14:54 2014","","Brie Larson","Actress, <a href=""http://www.imdb.com/title/tt1232829/"">21 Jump Street</a>","1989-10-01"

"581","nm1140300","Mon Mar 10 11:15:03 2014","Mon Mar 10 11:15:03 2014","","Jessica Lucas","Actress, <a href=""http://www.imdb.com/title/tt1060277/"">Cloverfield</a>","1985-09-24"

"582","nm0880521","Mon Mar 10 11:15:29 2014","Mon Mar 10 11:15:29 2014","","Liv Ullmann","Actress, <a href=""http://www.imdb.com/title/tt0060827/"">Persona</a>","1938-12-16"

"583","nm0266029","Mon Mar 10 11:15:40 2014","Mon Mar 10 11:15:40 2014","","Maria Falconetti","Actress, <a href=""http://www.imdb.com/title/tt0019254/"">La passion de Jeanne d'Arc</a>","1892-07-21"

"584","nm0361697","Mon Mar 10 11:16:11 2014","Mon Mar 10 11:16:11 2014","","Setsuko Hara","Actress, <a href=""http://www.imdb.com/title/tt0046438/"">Tôkyô monogatari</a>","1920-06-17"

"585","nm0751426","Mon Mar 10 11:16:23 2014","Mon Mar 10 11:16:23 2014","","Rosalind Russell","Actress, <a href=""http://www.imdb.com/title/tt0032599/"">His Girl Friday</a>","1907-06-04"

"586","nm0000400","Mon Mar 10 11:16:33 2014","Mon Mar 10 11:16:33 2014","","Linda Fiorentino","Actress, <a href=""http://www.imdb.com/title/tt0119654/"">Men in Black</a>","1958-03-09"

"587","nm2829737","Mon Mar 10 11:16:42 2014","Mon Mar 10 11:16:42 2014","","Gabourey Sidibe","Actress, <a href=""http://www.imdb.com/title/tt0929632/"">Precious</a>","1983-05-06"

"588","nm0000366","Mon Mar 10 11:16:52 2014","Mon Mar 10 11:16:52 2014","","Catherine Deneuve","Actress, <a href=""http://www.imdb.com/title/tt0168629/"">Dancer in the Dark</a>","1943-10-22"

"589","nm0001201","Mon Mar 10 11:17:03 2014","Mon Mar 10 11:17:03 2014","","Mia Farrow","Actress, <a href=""http://www.imdb.com/title/tt0063522/"">Rosemary's Baby</a>","1945-02-09"

"590","nm0851582","Mon Mar 10 11:18:36 2014","Mon Mar 10 11:18:36 2014","","Audrey Tautou","Actress, <a href=""http://www.imdb.com/title/tt0211915/"">Le fabuleux destin d'Amélie Poulain</a>","1976-08-09"

"591","nm0603402","Mon Mar 10 11:18:44 2014","Mon Mar 10 11:18:44 2014","","Jeanne Moreau","Actress, <a href=""http://www.imdb.com/title/tt0055032/"">Jules et Jim</a>","1928-01-23"

"592","nm0001376","Mon Mar 10 11:18:50 2014","Mon Mar 10 11:18:50 2014","","Isabelle Huppert","Actress, <a href=""http://www.imdb.com/title/tt1602620/"">Amour</a>","1953-03-16"

"593","nm0001687","Mon Mar 10 11:19:02 2014","Mon Mar 10 11:19:02 2014","","Gena Rowlands","Actress, <a href=""http://www.imdb.com/title/tt0332280/"">The Notebook</a>","1930-06-19"

"594","nm0544334","Mon Mar 10 11:22:55 2014","Mon Mar 10 11:22:55 2014","","Lesley Manville","Actress, <a href=""http://www.imdb.com/title/tt1587310/"">Maleficent</a>","1956-03-12"

"595","nm0647634","Mon Mar 10 11:23:06 2014","Mon Mar 10 11:23:06 2014","","Elizabeth Olsen","Actress, <a href=""http://www.imdb.com/title/tt0831387/"">Godzilla</a>","1989-02-16"

"596","nm0000176","Mon Mar 10 11:23:21 2014","Mon Mar 10 11:23:21 2014","","Nastassja Kinski","Actress, <a href=""http://www.imdb.com/title/tt0083722/"">Cat People</a>","1961-01-24"

"597","nm0491259","Mon Mar 10 11:23:31 2014","Mon Mar 10 11:23:31 2014","","Mélanie Laurent","Actress, <a href=""http://www.imdb.com/title/tt0361748/"">Inglourious Basterds</a>","1983-02-21"

"598","nm0001365","Mon Mar 10 11:23:38 2014","Mon Mar 10 11:23:38 2014","","Whitney Houston","Soundtrack, <a href=""http://www.imdb.com/title/tt0103855/"">The Bodyguard</a>","1963-08-09"

"599","nm0005031","Mon Mar 10 11:25:47 2014","Mon Mar 10 11:25:47 2014","","Felicity Huffman","Actress, <a href=""http://www.imdb.com/title/tt0407265/"">Transamerica</a>","1962-12-09"

"600","nm0001767","Mon Mar 10 11:26:13 2014","Mon Mar 10 11:26:13 2014","","Imelda Staunton","Actress, <a href=""http://www.imdb.com/title/tt1587310/"">Maleficent</a>","1956-01-09"

"626","nm0913488","Mon Mar 10 11:31:50 2014","Mon Mar 10 11:31:50 2014","","Kerry Washington","Actress, <a href=""http://www.imdb.com/title/tt1853728/"">Django Unchained</a>","1977-01-31"

"627","nm0005251","Mon Mar 10 11:32:00 2014","Mon Mar 10 11:32:00 2014","","Carrie-Anne Moss","Actress, <a href=""http://www.imdb.com/title/tt0133093/"">The Matrix</a>","1967-08-21"

"628","nm0001463","Mon Mar 10 11:32:07 2014","Mon Mar 10 11:32:07 2014","","Janet Leigh","Actress, <a href=""http://www.imdb.com/title/tt0054215/"">Psycho</a>","1927-07-06"

"629","nm1503432","Mon Mar 10 11:32:17 2014","Mon Mar 10 11:32:17 2014","","Catalina Sandino Moreno","Actress, <a href=""http://www.imdb.com/title/tt0390221/"">Maria Full of Grace</a>","1981-04-19"

"630","nm0608090","Mon Mar 10 11:32:25 2014","Mon Mar 10 11:32:25 2014","","Samantha Morton","Actress, <a href=""http://www.imdb.com/title/tt0401729/"">John Carter</a>","1977-05-13"

"631","nm1095720","Mon Mar 10 11:32:37 2014","Mon Mar 10 11:32:37 2014","","Keisha Castle-Hughes","Actress, <a href=""http://www.imdb.com/title/tt0121766/"">Star Wars: Episode III - Revenge of the Sith</a>","1990-03-24"

"632","nm0000161","Mon Mar 10 11:32:45 2014","Mon Mar 10 11:32:45 2014","","Salma Hayek","Producer, <a href=""http://www.imdb.com/title/tt0120679/"">Frida</a>","1966-09-02"

"633","nm0000260","Mon Mar 10 11:32:53 2014","Mon Mar 10 11:32:53 2014","","Joan Allen","Actress, <a href=""http://www.imdb.com/title/tt0119094/"">Face/Off</a>","1956-08-20"

"634","nm0005216","Mon Mar 10 11:33:23 2014","Mon Mar 10 11:33:23 2014","","Janet McTeer","Actress, <a href=""http://www.imdb.com/title/tt0410764/"">Tideland</a>","1961-08-05"

"635","nm0005244","Mon Mar 10 11:33:45 2014","Mon Mar 10 11:33:45 2014","","Fernanda Montenegro","Actress, <a href=""http://www.imdb.com/title/tt0140888/"">Central do Brasil</a>","1929-10-16"

"636","nm0000218","Mon Mar 10 11:33:55 2014","Mon Mar 10 11:33:55 2014","","Kristin Scott Thomas","Actress, <a href=""http://www.imdb.com/title/tt0116209/"">The English Patient</a>","1960-05-24"

"637","nm0000950","Mon Mar 10 11:34:22 2014","Mon Mar 10 11:34:22 2014","","Brenda Blethyn","Actress, <a href=""http://www.imdb.com/title/tt0783233/"">Atonement</a>","1946-02-20"

"638","nm0000223","Mon Mar 10 11:34:32 2014","Mon Mar 10 11:34:32 2014","","Elisabeth Shue","Actress, <a href=""http://www.imdb.com/title/tt0164052/"">Hollow Man</a>","1963-10-06"

"639","nm0001669","Mon Mar 10 11:34:41 2014","Mon Mar 10 11:34:41 2014","","Miranda Richardson","Actress, <a href=""http://www.imdb.com/title/tt0162661/"">Sleepy Hollow</a>","1958-03-03"

"640","nm0000330","Mon Mar 10 11:34:49 2014","Mon Mar 10 11:34:49 2014","","Stockard Channing","Actress, <a href=""http://www.imdb.com/title/tt0077631/"">Grease</a>","1944-02-13"

"641","nm0000291","Mon Mar 10 11:34:59 2014","Mon Mar 10 11:34:59 2014","","Angela Bassett","Actress, <a href=""http://www.imdb.com/title/tt0396555/"">Meet the Robinsons</a>","1958-08-16"

"642","nm0001521","Mon Mar 10 11:35:07 2014","Mon Mar 10 11:35:07 2014","","Mary McDonnell","Actress, <a href=""http://www.imdb.com/title/tt0116629/"">Independence Day</a>","1952-04-28"

"643","nm0000366","Mon Mar 10 11:35:17 2014","Mon Mar 10 11:35:17 2014","","Catherine Deneuve","Actress, <a href=""http://www.imdb.com/title/tt0168629/"">Dancer in the Dark</a>","1943-10-22"

"644","nm0000368","Mon Mar 10 11:35:25 2014","Mon Mar 10 11:35:25 2014","","Laura Dern","Actress, <a href=""http://www.imdb.com/title/tt0107290/"">Jurassic Park</a>","1967-02-10"

"645","nm0172604","Mon Mar 10 11:35:37 2014","Mon Mar 10 11:35:37 2014","","Pauline Collins","Actress, <a href=""http://www.imdb.com/title/tt1182350/"">You Will Meet a Tall Dark Stranger</a>","1940-09-03"

"646","nm0000254","Mon Mar 10 11:37:20 2014","Mon Mar 10 11:37:20 2014","","Isabelle Adjani","Actress, <a href=""http://www.imdb.com/title/tt0110963/"">La reine Margot</a>","1955-06-27"

"647","nm0000429","Mon Mar 10 11:37:30 2014","Mon Mar 10 11:37:30 2014","","Melanie Griffith","Actress, <a href=""http://www.imdb.com/title/tt0096463/"">Working Girl</a>","1957-08-09"

"648","nm0000476","Mon Mar 10 11:37:40 2014","Mon Mar 10 11:37:40 2014","","Sally Kirkland","Actress, <a href=""http://www.imdb.com/title/tt0102138/"">JFK</a>","1941-10-31"

"649","nm0000737","Mon Mar 10 11:37:52 2014","Mon Mar 10 11:37:52 2014","","Jane Alexander","Actress, <a href=""http://www.imdb.com/title/tt0298130/"">The Ring</a>","1939-10-28"

"650","nm0556850","Mon Mar 10 11:38:04 2014","Mon Mar 10 11:38:04 2014","","Marsha Mason","Actress, <a href=""http://www.imdb.com/title/tt0091187/"">Heartbreak Ridge</a>","1942-04-03"

"676","nm0915865","Mon Mar 10 11:44:38 2014","Mon Mar 10 11:44:38 2014","","Jacki Weaver","Actress, <a href=""http://www.imdb.com/title/tt1045658/"">Silver Linings Playbook</a>","1947-05-25"

"677","nm0067367","Mon Mar 10 11:44:44 2014","Mon Mar 10 11:44:44 2014","","Bérénice Bejo","Actress, <a href=""http://www.imdb.com/title/tt1655442/"">The Artist</a>","1976-07-07"

"678","nm2794962","Mon Mar 10 11:44:55 2014","Mon Mar 10 11:44:55 2014","","Hailee Steinfeld","Actress, <a href=""http://www.imdb.com/title/tt1403865/"">True Grit</a>","1996-12-11"

"679","nm2284889","Mon Mar 10 11:45:09 2014","Mon Mar 10 11:45:09 2014","","Nikki Blonsky","Actress, <a href=""http://www.imdb.com/title/tt0427327/"">Hairspray</a>","1988-11-09"

"680","nm0000599","Mon Mar 10 11:45:16 2014","Mon Mar 10 11:45:16 2014","","Kathleen Quinlan","Actress, <a href=""http://www.imdb.com/title/tt0112384/"">Apollo 13</a>","1954-11-19"

"681","nm0378245","Mon Mar 10 11:45:26 2014","Mon Mar 10 11:45:26 2014","","Taraji P. Henson","Actress, <a href=""http://www.imdb.com/title/tt0421715/"">The Curious Case of Benjamin Button</a>","1970-09-11"

"682","nm0752407","Mon Mar 10 11:45:34 2014","Mon Mar 10 11:45:34 2014","","Amy Ryan","Actress, <a href=""http://www.imdb.com/title/tt0452623/"">Gone Baby Gone</a>","1968-05-03"

"683","nm0002039","Mon Mar 10 11:45:40 2014","Mon Mar 10 11:45:40 2014","","Ruby Dee","Actress, <a href=""http://www.imdb.com/title/tt0765429/"">American Gangster</a>","1922-10-27"

"684","nm0001049","Mon Mar 10 11:45:54 2014","Mon Mar 10 11:45:54 2014","","Jill Clayburgh","Actress, <a href=""http://www.imdb.com/title/tt1478338/"">Bridesmaids</a>","1944-04-30"

"685","nm0056770","Mon Mar 10 11:46:06 2014","Mon Mar 10 11:46:06 2014","","Adriana Barraza","Actress, <a href=""http://www.imdb.com/title/tt0800369/"">Thor</a>","1956-03-05"

"686","nm0452860","Mon Mar 10 11:46:18 2014","Mon Mar 10 11:46:18 2014","","Rinko Kikuchi","Actress, <a href=""http://www.imdb.com/title/tt1663662/"">Pacific Rim</a>","1981-01-06"

"687","nm0001416","Mon Mar 10 11:46:27 2014","Mon Mar 10 11:46:27 2014","","Catherine Keener","Actress, <a href=""http://www.imdb.com/title/tt1535109/"">Captain Phillips</a>","1959-03-23"

"688","nm0000515","Mon Mar 10 11:46:35 2014","Mon Mar 10 11:46:35 2014","","Virginia Madsen","Actress, <a href=""http://www.imdb.com/title/tt0375063/"">Sideways</a>","1961-09-11"

"689","nm0645683","Mon Mar 10 11:46:43 2014","Mon Mar 10 11:46:43 2014","","Sophie Okonedo","Actress, <a href=""http://www.imdb.com/title/tt1815862/"">After Earth</a>",""

"690","nm0165101","Mon Mar 10 11:46:54 2014","Mon Mar 10 11:46:54 2014","","Patricia Clarkson","Actress, <a href=""http://www.imdb.com/title/tt1130884/"">Shutter Island</a>","1959-12-29"

"691","nm0013037","Mon Mar 10 11:47:05 2014","Mon Mar 10 11:47:05 2014","","Shohreh Aghdashloo","Actress, <a href=""http://www.imdb.com/title/tt0376994/"">X-Men: The Last Stand</a>","1952-05-11"

"692","nm0517820","Mon Mar 10 11:49:39 2014","Mon Mar 10 11:49:39 2014","","Lindsay Lohan","Actress, <a href=""http://www.imdb.com/title/tt0400497/"">Herbie Fully Loaded</a>","1986-07-02"

"693","nm0005502","Mon Mar 10 11:49:50 2014","Mon Mar 10 11:49:50 2014","","Michelle Trachtenberg","Actress, <a href=""http://www.imdb.com/title/tt0065272/"">All My Children</a>","1985-10-11"

"694","nm0001721","Mon Mar 10 11:49:56 2014","Mon Mar 10 11:49:56 2014","","Chloë Sevigny","Actress, <a href=""http://www.imdb.com/title/tt0144084/"">American Psycho</a>","1974-11-18"

"695","nm0001655","Mon Mar 10 11:50:06 2014","Mon Mar 10 11:50:06 2014","","Lynn Redgrave","Actress, <a href=""http://www.imdb.com/title/tt0120684/"">Gods and Monsters</a>","1943-03-08"

"696","nm0341737","Mon Mar 10 11:50:13 2014","Mon Mar 10 11:50:13 2014","","Rachel Griffiths","Actress, <a href=""http://www.imdb.com/title/tt0221027/"">Blow</a>","1968-12-18"

"697","nm3053338","Mon Mar 10 11:50:22 2014","Mon Mar 10 11:50:22 2014","","Margot Robbie","Actress, <a href=""http://www.imdb.com/title/tt0993846/"">The Wolf of Wall Street</a>","1990-07-02"

"698","nm0000666","Mon Mar 10 11:50:34 2014","Mon Mar 10 11:50:34 2014","","Lili Taylor","Actress, <a href=""http://www.imdb.com/title/tt1457767/"">The Conjuring</a>","1967-02-20"

"699","nm0917848","Mon Mar 10 11:50:41 2014","Mon Mar 10 11:50:41 2014","","Robin Weigert","Actress, <a href=""http://www.imdb.com/title/tt1866249/"">The Sessions</a>","1969-07-07"

"700","nm1128572","Mon Mar 10 11:50:46 2014","Mon Mar 10 11:50:46 2014","","Lake Bell","Actress, <a href=""http://www.imdb.com/title/tt2294677/"">In a World...</a>","1979-03-24"

"726","nm2244205","Mon Mar 10 12:02:20 2014","Mon Mar 10 12:02:20 2014","","Léa Seydoux","Actress, <a href=""http://www.imdb.com/title/tt2278871/"">La vie d'Adèle</a>","1985-07-01"

"727","nm0424848","Sun Mar  8 12:14:02 2015","Sun Mar  8 12:14:02 2015","","Dakota Johnson","Actress, <a href=""http://www.imdb.com/title/tt2322441/"">Fifty Shades of Grey</a>","1989-10-04"

"728","nm0000365","Mon Mar 10 12:02:39 2014","Mon Mar 10 12:02:39 2014","","Julie Delpy","Actress, <a href=""http://www.imdb.com/title/tt0381681/"">Before Sunset</a>","1969-12-21"

"729","nm0000157","Mon Mar 10 12:02:45 2014","Mon Mar 10 12:02:45 2014","","Linda Hamilton","Actress, <a href=""http://www.imdb.com/title/tt0103064/"">Terminator 2: Judgment Day</a>","1956-09-26"

"730","nm0000402","Mon Mar 10 12:02:51 2014","Mon Mar 10 12:02:51 2014","","Carrie Fisher","Actress, <a href=""http://www.imdb.com/title/tt0076759/"">Star Wars</a>","1956-10-21"

"731","nm0000427","Mon Mar 10 12:02:57 2014","Mon Mar 10 12:02:57 2014","","Pam Grier","Actress, <a href=""http://www.imdb.com/title/tt0119396/"">Jackie Brown</a>","1949-05-26"

"732","nm0001951","Mon Mar 10 12:03:07 2014","Mon Mar 10 12:03:07 2014","","Björk","Soundtrack, <a href=""http://www.imdb.com/title/tt0168629/"">Dancer in the Dark</a>","1965-11-21"

"733","nm0115161","Mon Mar 10 12:03:15 2014","Mon Mar 10 12:03:15 2014","","Emily Browning","Actress, <a href=""http://www.imdb.com/title/tt0978764/"">Sucker Punch</a>","1988-12-07"

"734","nm0000496","Mon Mar 10 12:03:23 2014","Mon Mar 10 12:03:23 2014","","Juliette Lewis","Actress, <a href=""http://www.imdb.com/title/tt0110632/"">Natural Born Killers</a>","1973-06-21"

"735","nm0000572","Mon Mar 10 12:05:37 2014","Mon Mar 10 12:05:37 2014","","Sarah Jessica Parker","Actress, <a href=""http://www.imdb.com/title/tt1000774/"">Sex and the City</a>","1965-03-25"

"736","nm0001453","Mon Mar 10 13:00:25 2014","Mon Mar 10 13:00:25 2014","","Piper Laurie","Actress, <a href=""http://www.imdb.com/title/tt0074285/"">Carrie</a>","1932-01-22"

"737","nm1415323","Mon Mar 10 13:00:34 2014","Mon Mar 10 13:00:34 2014","","Miley Cyrus","Soundtrack, <a href=""http://www.imdb.com/title/tt0397892/"">Bolt</a>","1992-11-23"

"738","nm0005499","Mon Mar 10 13:02:05 2014","Mon Mar 10 13:02:05 2014","","Lily Tomlin","Actress, <a href=""http://www.imdb.com/title/tt0356721/"">I Heart Huckabees</a>","1939-09-01"

"739","nm0295484","Mon Mar 10 13:01:16 2014","Mon Mar 10 13:01:16 2014","","Anna Friel","Actress, <a href=""http://www.imdb.com/title/tt1219289/"">Limitless</a>","1976-07-12"

"740","nm0001784","Mon Mar 10 13:02:19 2014","Mon Mar 10 13:02:19 2014","","Gloria Stuart","Actress, <a href=""http://www.imdb.com/title/tt0120338/"">Titanic</a>","1910-07-04"

"741","nm0001735","Mon Mar 10 13:02:27 2014","Mon Mar 10 13:02:27 2014","","Talia Shire","Actress, <a href=""http://www.imdb.com/title/tt0075148/"">Rocky</a>","1946-04-25"

"742","nm0001656","Mon Mar 10 13:02:36 2014","Mon Mar 10 13:02:36 2014","","Donna Reed","Actress, <a href=""http://www.imdb.com/title/tt0038650/"">It's a Wonderful Life</a>","1921-01-27"

"743","nm0528987","Mon Mar 10 13:02:42 2014","Mon Mar 10 13:02:42 2014","","Sue Lyon","Actress, <a href=""http://www.imdb.com/title/tt0056193/"">Lolita</a>","1946-07-10"

"744","nm0000556","Mon Mar 10 13:02:53 2014","Mon Mar 10 13:02:53 2014","","Olivia Newton-John","Soundtrack, <a href=""http://www.imdb.com/title/tt0077631/"">Grease</a>","1948-09-26"

"745","nm0000378","Mon Mar 10 13:03:02 2014","Mon Mar 10 13:03:02 2014","","Minnie Driver","Actress, <a href=""http://www.imdb.com/title/tt0119217/"">Good Will Hunting</a>","1970-01-31"

"746","nm0000414","Mon Mar 10 13:03:10 2014","Mon Mar 10 13:03:10 2014","","Teri Garr","Actress, <a href=""http://www.imdb.com/title/tt0075860/"">Close Encounters of the Third Kind</a>","1947-12-11"

"747","nm0005392","Mon Mar 10 13:03:21 2014","Mon Mar 10 13:03:21 2014","","Keri Russell","Actress, <a href=""http://www.imdb.com/title/tt2103281/"">Dawn of the Planet of the Apes</a>","1976-03-23"

"748","nm0781029","Mon Mar 10 13:03:48 2014","Mon Mar 10 13:03:48 2014","","Jean Seberg","Actress, <a href=""http://www.imdb.com/title/tt0053472/"">À bout de souffle</a>","1938-11-13"

"749","nm0001631","Mon Mar 10 13:03:56 2014","Mon Mar 10 13:03:56 2014","","Sarah Polley","Actress, <a href=""http://www.imdb.com/title/tt0363547/"">Dawn of the Dead</a>","1979-01-08"

"750","nm0001009","Mon Mar 10 13:04:02 2014","Mon Mar 10 13:04:02 2014","","Kate Capshaw","Actress, <a href=""http://www.imdb.com/title/tt0087469/"">Indiana Jones and the Temple of Doom</a>","1953-11-03"

"776","nm0000586","Mon Mar 10 13:08:11 2014","Mon Mar 10 13:08:11 2014","","Jada Pinkett Smith","Actress, <a href=""http://www.imdb.com/title/tt0369339/"">Collateral</a>","1971-09-18"

"777","nm0001575","Mon Mar 10 13:08:37 2014","Mon Mar 10 13:08:37 2014","","Tatum O'Neal","Actress, <a href=""http://www.imdb.com/title/tt0070510/"">Paper Moon</a>","1963-11-05"

"778","nm0267506","Mon Mar 10 13:09:04 2014","Mon Mar 10 13:09:04 2014","","Anna Faris","Actress, <a href=""http://www.imdb.com/title/tt0844471/"">Cloudy with a Chance of Meatballs</a>","1976-11-29"

"779","nm2230865","Mon Mar 10 13:08:53 2014","Mon Mar 10 13:08:53 2014","","Ashley Greene","Actress, <a href=""http://www.imdb.com/title/tt1673434/"">The Twilight Saga: Breaking Dawn - Part 2</a>","1987-02-21"

"780","nm0000463","Mon Mar 10 13:09:12 2014","Mon Mar 10 13:09:12 2014","","Famke Janssen","Actress, <a href=""http://www.imdb.com/title/tt0120903/"">X-Men</a>","1964-11-05"

"781","nm0683253","Sun Mar  8 12:14:47 2015","Sun Mar  8 12:14:47 2015","","Rosamund Pike","Actress, <a href=""http://www.imdb.com/title/tt2267998/"">Gone Girl</a>","1979-01-27"

"782","nm0001372","Mon Mar 10 13:09:32 2014","Mon Mar 10 13:09:32 2014","","Bonnie Hunt","Writer, <a href=""http://www.imdb.com/title/tt0122459/"">Return to Me</a>","1961-09-22"

"783","nm0005182","Mon Mar 10 13:10:56 2014","Mon Mar 10 13:10:56 2014","","Leslie Mann","Actress, <a href=""http://www.imdb.com/title/tt0478311/"">Knocked Up</a>","1972-03-26"

"784","nm1411676","Mon Mar 10 13:11:06 2014","Mon Mar 10 13:11:06 2014","","Mindy Kaling","Actress, <a href=""http://www.imdb.com/title/tt2096673/"">Inside Out</a>","1979-06-24"

"785","nm3006818","Mon Mar 10 13:11:15 2014","Mon Mar 10 13:11:15 2014","","Analeigh Tipton","Actress, <a href=""http://www.imdb.com/title/tt1570728/"">Crazy, Stupid

"786","nm0628601","Mon Mar 10 13:11:21 2014","Mon Mar 10 13:11:21 2014","","Thandie Newton","Actress, <a href=""http://www.imdb.com/title/tt0454921/"">The Pursuit of Happyness</a>","1972-11-06"

"787","nm0001605","Mon Mar 10 13:11:31 2014","Mon Mar 10 13:11:31 2014","","Amanda Peet","Actress, <a href=""http://www.imdb.com/title/tt1190080/"">2012</a>","1972-01-11"

"788","nm0005466","Mon Mar 10 13:11:45 2014","Mon Mar 10 13:11:45 2014","","Julia Stiles","Actress, <a href=""http://www.imdb.com/title/tt0440963/"">The Bourne Ultimatum</a>","1981-03-28"

"789","nm0004742","Mon Mar 10 13:11:54 2014","Mon Mar 10 13:11:54 2014","","Maria Bello","Actress, <a href=""http://www.imdb.com/title/tt1392214/"">Prisoners</a>","1967-04-18"

"790","nm0578949","Mon Mar 10 13:12:01 2014","Mon Mar 10 13:12:01 2014","","Eva Mendes","Actress, <a href=""http://www.imdb.com/title/tt0386588/"">Hitch</a>","1974-03-05"

"791","nm1289434","Mon Mar 10 13:15:46 2014","Mon Mar 10 13:15:46 2014","","Emily Blunt","Actress, <a href=""http://www.imdb.com/title/tt1631867/"">Edge of Tomorrow</a>","1983-02-23"

"792","nm0126284","Mon Mar 10 13:16:43 2014","Mon Mar 10 13:16:43 2014","","Rose Byrne","Actress, <a href=""http://www.imdb.com/title/tt1270798/"">X-Men: First Class</a>","1979-07-24"

"793","nm0000171","Mon Mar 10 13:19:26 2014","Mon Mar 10 13:19:26 2014","","Ashley Judd","Actress, <a href=""http://www.imdb.com/title/tt1840309/"">Divergent</a>","1968-04-19"

"794","nm3592338","Mon Mar 10 13:19:39 2014","Mon Mar 10 13:19:39 2014","","Emilia Clarke","Actress, <a href=""http://www.imdb.com/title/tt1340138/"">Terminator Genisys</a>","1986-10-26"

"795","nm0000775","Mon Mar 10 13:19:46 2014","Mon Mar 10 13:19:46 2014","","Christina Applegate","Actress, <a href=""http://www.imdb.com/title/tt1966324/"">Pilot</a>","1971-11-25"

"796","nm0000505","Mon Mar 10 13:19:51 2014","Mon Mar 10 13:19:51 2014","","Nia Long","Actress, <a href=""http://www.imdb.com/title/tt0208003/"">Big Momma's House</a>","1970-10-30"

"797","nm0428065","Sun Mar  8 12:14:54 2015","Sun Mar  8 12:14:54 2015","","Felicity Jones","Actress, <a href=""http://www.imdb.com/title/tt2980516/"">The Theory of Everything</a>","1983-10-17"

"798","nm0000495","Mon Mar 10 13:20:05 2014","Mon Mar 10 13:20:05 2014","","Téa Leoni","Actress, <a href=""http://www.imdb.com/title/tt0163025/"">Jurassic Park III</a>","1966-02-25"

"799","nm1275259","Mon Mar 10 13:23:35 2014","Mon Mar 10 13:23:35 2014","","Alexandra Daddario","Actress, <a href=""http://www.imdb.com/title/tt2126355/"">San Andreas</a>","1986-03-16"

"800","nm0540441","Mon Mar 10 13:23:41 2014","Mon Mar 10 13:23:41 2014","","Jena Malone","Actress, <a href=""http://www.imdb.com/title/tt0118884/"">Contact</a>","1984-11-21"

"826","nm0005154","Mon Mar 10 13:28:18 2014","Mon Mar 10 13:28:18 2014","","Lucy Liu","Actress, <a href=""http://www.imdb.com/title/tt0266697/"">Kill Bill: Vol. 1</a>","1968-12-02"

"827","nm0005381","Mon Mar 10 13:28:27 2014","Mon Mar 10 13:28:27 2014","","Rebecca Romijn","Actress, <a href=""http://www.imdb.com/title/tt0290334/"">X2</a>","1972-11-06"

"828","nm0735442","Mon Mar 10 13:35:06 2014","Mon Mar 10 13:35:06 2014","","Michelle Rodriguez","Actress, <a href=""http://www.imdb.com/title/tt0499549/"">Avatar</a>","1978-07-12"

"829","nm0001264","Mon Mar 10 13:28:45 2014","Mon Mar 10 13:28:45 2014","","Sarah Michelle Gellar","Actress, <a href=""http://www.imdb.com/title/tt0139134/"">Cruel Intentions</a>","1977-04-14"

"830","nm0461498","Mon Mar 10 13:28:51 2014","Mon Mar 10 13:28:51 2014","","Beyoncé Knowles","Soundtrack, <a href=""http://www.imdb.com/title/tt0295178/"">Austin Powers in Goldmember</a>","1981-09-04"

"831","nm0356017","Mon Mar 10 13:29:02 2014","Mon Mar 10 13:29:02 2014","","Rebecca Hall","Actress, <a href=""http://www.imdb.com/title/tt0482571/"">The Prestige</a>","1982-05-03"

"832","nm0005305","Mon Mar 10 13:29:09 2014","Mon Mar 10 13:29:09 2014","","Piper Perabo","Actress, <a href=""http://www.imdb.com/title/tt0482571/"">The Prestige</a>","1976-10-31"

"833","nm0001073","Mon Mar 10 13:29:25 2014","Mon Mar 10 13:29:25 2014","","Courteney Cox","Actress, <a href=""http://www.imdb.com/title/tt0583459/"">The One Where Monica Gets a Roommate</a>","1964-06-15"

"834","nm0000205","Mon Mar 10 13:29:35 2014","Mon Mar 10 13:29:35 2014","","Parker Posey","Actress, <a href=""http://www.imdb.com/title/tt0119324/"">The House of Yes</a>","1968-11-08"

"835","nm1745736","Mon Mar 10 13:29:44 2014","Mon Mar 10 13:29:44 2014","","Paula Patton","Actress, <a href=""http://www.imdb.com/title/tt1229238/"">Mission: Impossible - Ghost Protocol</a>","1975-12-05"

"836","nm1157358","Mon Mar 10 13:29:51 2014","Mon Mar 10 13:29:51 2014","","Michelle Monaghan","Actress, <a href=""http://www.imdb.com/title/tt0945513/"">Source Code</a>","1976-03-23"

"837","nm0000132","Mon Mar 10 13:30:00 2014","Mon Mar 10 13:30:00 2014","","Claire Danes","Actress, <a href=""http://www.imdb.com/title/tt1278469/"">Temple Grandin</a>","1979-04-12"

"838","nm0005123","Mon Mar 10 13:30:09 2014","Mon Mar 10 13:30:09 2014","","Ali Larter","Actress, <a href=""http://www.imdb.com/title/tt0195714/"">Final Destination</a>","1976-02-28"

"839","nm0098378","Mon Mar 10 13:30:15 2014","Mon Mar 10 13:30:15 2014","","Kate Bosworth","Actress, <a href=""http://www.imdb.com/title/tt0348150/"">Superman Returns</a>","1983-01-02"

"840","nm0939697","Mon Mar 10 13:30:24 2014","Mon Mar 10 13:30:24 2014","","Evan Rachel Wood","Actress, <a href=""http://www.imdb.com/title/tt1125849/"">The Wrestler</a>","1987-09-07"

"841","nm0000227","Sun Mar  8 12:15:49 2015","Sun Mar  8 12:15:49 2015","","Mira Sorvino","Actress, <a href=""http://www.imdb.com/title/tt0119675/"">Mimic</a>","1967-09-28"

"842","nm0955471","Mon Mar 10 13:30:40 2014","Mon Mar 10 13:30:40 2014","","Ziyi Zhang","Actress, <a href=""http://www.imdb.com/title/tt0190332/"">Wo hu cang long</a>","1979-02-09"

"843","nm1468739","Mon Mar 10 13:30:47 2014","Mon Mar 10 13:30:47 2014","","Amanda Crew","Actress, <a href=""http://www.imdb.com/title/tt1135985/"">Sex Drive</a>","1986-06-05"

"844","nm0004789","Mon Mar 10 13:30:55 2014","Mon Mar 10 13:30:55 2014","","Amanda Bynes","Actress, <a href=""http://www.imdb.com/title/tt1282140/"">Easy A</a>","1986-04-03"

"845","nm0001435","Mon Mar 10 13:31:01 2014","Mon Mar 10 13:31:01 2014","","Lisa Kudrow","Actress, <a href=""http://www.imdb.com/title/tt0431308/"">P.S. I Love You</a>","1963-07-30"

"846","nm0000117","Mon Mar 10 13:31:08 2014","Mon Mar 10 13:31:08 2014","","Neve Campbell","Actress, <a href=""http://www.imdb.com/title/tt0117571/"">Scream</a>","1973-10-03"

"847","nm0001122","Mon Mar 10 13:31:20 2014","Mon Mar 10 13:31:20 2014","","Ellen DeGeneres","Writer, <a href=""http://www.imdb.com/title/tt0379623/"">Ellen: The Ellen DeGeneres Show</a>","1958-01-26"

"848","nm0005527","Sun Mar  8 12:18:38 2015","Sun Mar  8 12:18:38 2015","","Sofía Vergara","Actress, <a href=""http://www.imdb.com/title/tt0430105/"">Four Brothers</a>","1972-07-10"

"849","nm0601553","Mon Mar 10 13:32:16 2014","Mon Mar 10 13:32:16 2014","","Mandy Moore","Actress, <a href=""http://www.imdb.com/title/tt0398286/"">Tangled</a>","1984-04-10"

"850","nm0000515","Mon Mar 10 13:32:24 2014","Mon Mar 10 13:32:24 2014","","Virginia Madsen","Actress, <a href=""http://www.imdb.com/title/tt0375063/"">Sideways</a>","1961-09-11"

"876","nm2951768","Mon Mar 10 13:39:58 2014","Mon Mar 10 13:39:58 2014","","Freida Pinto","Actress, <a href=""http://www.imdb.com/title/tt1010048/"">Slumdog Millionaire</a>","1984-10-18"

"877","nm0240381","Mon Mar 10 13:40:05 2014","Mon Mar 10 13:40:05 2014","","Hilary Duff","Actress, <a href=""http://www.imdb.com/title/tt0356470/"">A Cinderella Story</a>","1987-09-28"

"878","nm0935541","Mon Mar 10 13:40:16 2014","Mon Mar 10 13:40:16 2014","","Mary Elizabeth Winstead","Actress, <a href=""http://www.imdb.com/title/tt0414982/"">Final Destination 3</a>","1984-11-28"

"879","nm0177639","Mon Mar 10 13:40:26 2014","Mon Mar 10 13:40:26 2014","","Jennifer Coolidge","Actress, <a href=""http://www.imdb.com/title/tt0163651/"">American Pie</a>","1961-08-28"

"880","nm2057859","Sun Mar  8 12:19:14 2015","Sun Mar  8 12:19:14 2015","","Andrea Riseborough","Actress, <a href=""http://www.imdb.com/title/tt2562232/"">Birdman or (The Unexpected Virtue of Ignorance)</a>","1981-11-20"

"881","nm0000208","Sun Mar  8 12:34:14 2015","Sun Mar  8 12:34:14 2015","","Molly Ringwald","Actress, <a href=""http://www.imdb.com/title/tt0088128/"">Sixteen Candles</a>","1968-02-18"

"882","nm0005064","Mon Mar 10 13:40:51 2014","Mon Mar 10 13:40:51 2014","","January Jones","Actress, <a href=""http://www.imdb.com/title/tt0176426/"">All the Rage</a>","1978-01-05"

"883","nm0748973","Sun Mar  8 12:22:31 2015","Sun Mar  8 12:22:31 2015","","Maya Rudolph","Actress, <a href=""http://www.imdb.com/title/tt1478338/"">Bridesmaids</a>","1972-07-27"

"884","nm0000521","Sun Mar  8 12:27:55 2015","Sun Mar  8 12:27:55 2015","","Sophie Marceau","Actress, <a href=""http://www.imdb.com/title/tt0143145/"">The World Is Not Enough</a>","1966-11-17"

"885","nm1385871","Mon Mar 10 13:41:39 2014","Mon Mar 10 13:41:39 2014","","Olga Kurylenko","Actress, <a href=""http://www.imdb.com/title/tt0830515/"">Quantum of Solace</a>","1979-11-14"

"886","nm0004376","Mon Mar 10 13:41:44 2014","Mon Mar 10 13:41:44 2014","","Franka Potente","Actress, <a href=""http://www.imdb.com/title/tt0258463/"">The Bourne Identity</a>","1974-07-22"

"887","nm0429069","Mon Mar 10 13:41:52 2014","Mon Mar 10 13:41:52 2014","","Rashida Jones","Actress, <a href=""http://www.imdb.com/title/tt1155056/"">I Love You, Man</a>"

"888","nm0000224","Mon Mar 10 13:42:01 2014","Mon Mar 10 13:42:01 2014","","Alicia Silverstone","Actress, <a href=""http://www.imdb.com/title/tt0112697/"">Clueless</a>","1976-10-04"

"889","nm2492819","Mon Mar 10 13:42:14 2014","Mon Mar 10 13:42:14 2014","","Rosie Huntington-Whiteley","Actress, <a href=""http://www.imdb.com/title/tt1399103/"">Transformers: Dark of the Moon</a>","1987-04-18"

"890","nm0001273","Sun Jul  5 13:32:47 2015","Sun Jul  5 13:32:47 2015","","Lillian Gish","Actress, <a href=""http://www.imdb.com/title/tt0048424/"">The Night of the Hunter</a>","1893-10-14"

"891","nm1431940","Mon Mar 10 13:42:38 2014","Mon Mar 10 13:42:38 2014","","Evangeline Lilly","Actress, <a href=""http://www.imdb.com/title/tt0478970/"">Ant-Man</a>","1979-08-03"

"892","nm0257969","Sun Mar  8 12:19:24 2015","Sun Mar  8 12:19:24 2015","","Mireille Enos","Actress, <a href=""http://www.imdb.com/title/tt0816711/"">World War Z</a>","1975-09-22"

"893","nm0001349","Mon Mar 10 13:42:56 2014","Mon Mar 10 13:42:56 2014","","Jennifer Love Hewitt","Actress, <a href=""http://www.imdb.com/title/tt0119345/"">I Know What You Did Last Summer</a>","1979-02-21"

"894","nm0002536","Mon Mar 10 13:43:04 2014","Mon Mar 10 13:43:04 2014","","Emmy Rossum","Actress, <a href=""http://www.imdb.com/title/tt1589573/"">Pilot</a>","1986-09-12"

"895","nm1428821","Mon Mar 10 13:43:38 2014","Mon Mar 10 13:43:38 2014","","Joey King","Actress, <a href=""http://www.imdb.com/title/tt1570728/"">Crazy, Stupid

"896","nm0329481","Mon Mar 10 13:43:50 2014","Mon Mar 10 13:43:50 2014","","Ginnifer Goodwin","Actress, <a href=""http://www.imdb.com/title/tt0358273/"">Walk the Line</a>","1978-05-22"

"897","nm0852132","Mon Mar 10 13:44:13 2014","Mon Mar 10 13:44:13 2014","","Christine Taylor","Actress, <a href=""http://www.imdb.com/title/tt0364725/"">Dodgeball: A True Underdog Story</a>","1971-07-30"

"898","nm1227814","Mon Mar 10 13:44:24 2014","Mon Mar 10 13:44:24 2014","","Vanessa Hudgens","Actress, <a href=""http://www.imdb.com/title/tt2101441/"">Spring Breakers</a>","1988-12-14"

"899","nm0180411","Mon Mar 10 13:44:31 2014","Mon Mar 10 13:44:31 2014","","Abbie Cornish","Actress, <a href=""http://www.imdb.com/title/tt1219289/"">Limitless</a>","1982-08-07"

"900","nm0000706","Sun Mar  8 12:35:16 2015","Sun Mar  8 12:35:16 2015","","Michelle Yeoh","Actress, <a href=""http://www.imdb.com/title/tt0190332/"">Wo hu cang long</a>","1962-08-06"
